pool	donor	strategy	universe	nn_dist	n	err10k	sng_gap	kind
AFR_only__adversarial_mindist__rep1	HG01912	adversarial_mindist	AFR_only	103.54226	819	12.210012210012167	72.15442002442002	unrelated pool
AFR_only__adversarial_mindist__rep1	HG03439	adversarial_mindist	AFR_only	101.17312	859	11.641443538998875	72.77500582072177	unrelated pool
AFR_only__adversarial_mindist__rep1	HG03461	adversarial_mindist	AFR_only	101.77426	809	0.0	76.66370828182943	unrelated pool
AFR_only__adversarial_mindist__rep1	HG03520	adversarial_mindist	AFR_only	100.0	802	37.406483790524135	74.08390274314215	unrelated pool
AFR_only__adversarial_mindist__rep1	NA18924	adversarial_mindist	AFR_only	102.14206	868	0.0	74.0808064516129	unrelated pool
AFR_only__adversarial_mindist__rep1	NA18933	adversarial_mindist	AFR_only	100.0	850	11.764705882353343	75.467	unrelated pool
AFR_only__adversarial_mindist__rep1	NA19113	adversarial_mindist	AFR_only	101.77426	837	0.0	74.9495221027479	unrelated pool
AFR_only__adversarial_mindist__rep1	NA19150	adversarial_mindist	AFR_only	102.14206	852	11.737089201877549	71.87697183098592	unrelated pool
AFR_only__adversarial_mindist__rep2	HG02464	adversarial_mindist	AFR_only	102.70345	870	0.0	72.17770114942529	unrelated pool
AFR_only__adversarial_mindist__rep2	HG02588	adversarial_mindist	AFR_only	99.779755	846	35.460992907800915	74.40645390070922	unrelated pool
AFR_only__adversarial_mindist__rep2	NA19095	adversarial_mindist	AFR_only	102.02941	839	0.0	71.83134684147795	unrelated pool
AFR_only__adversarial_mindist__rep2	NA19122	adversarial_mindist	AFR_only	101.336075	824	0.0	77.75026699029127	unrelated pool
AFR_only__adversarial_mindist__rep2	NA19144	adversarial_mindist	AFR_only	100.57336	837	0.0	69.86011947431302	unrelated pool
AFR_only__adversarial_mindist__rep2	NA19146	adversarial_mindist	AFR_only	99.779755	783	0.0	70.53226053639847	unrelated pool
AFR_only__adversarial_mindist__rep2	NA19159	adversarial_mindist	AFR_only	101.94116	775	0.0	73.18472258064517	unrelated pool
AFR_only__adversarial_mindist__rep2	NA19203	adversarial_mindist	AFR_only	101.10885	857	0.0	72.57334889148191	unrelated pool
AFR_only__adversarial_mindist__rep3	HG02702	adversarial_mindist	AFR_only	103.48913	863	11.587485515642815	72.3519235225956	unrelated pool
AFR_only__adversarial_mindist__rep3	HG02772	adversarial_mindist	AFR_only	102.90287	849	0.0	72.40153121319199	unrelated pool
AFR_only__adversarial_mindist__rep3	HG02981	adversarial_mindist	AFR_only	102.23502	779	0.0	72.51532734274711	unrelated pool
AFR_only__adversarial_mindist__rep3	HG03157	adversarial_mindist	AFR_only	103.72078	822	0.0	75.64082725060827	unrelated pool
AFR_only__adversarial_mindist__rep3	HG03376	adversarial_mindist	AFR_only	104.3839	867	11.534025374856371	68.4995847750865	unrelated pool
AFR_only__adversarial_mindist__rep3	HG03517	adversarial_mindist	AFR_only	102.23502	925	10.8108108108107	68.94617297297297	unrelated pool
AFR_only__adversarial_mindist__rep3	NA18917	adversarial_mindist	AFR_only	102.90287	852	0.0	76.1168661971831	unrelated pool
AFR_only__adversarial_mindist__rep3	NA19226	adversarial_mindist	AFR_only	102.80564	833	12.004801920768582	72.59457382953181	unrelated pool
AFR_only__greedy_maxkl__rep2	NA18486	greedy_maxkl	AFR_only	103.4698	880	0.0	75.67112499999999	unrelated pool
AFR_only__greedy_maxkl__rep2	NA18487	greedy_maxkl	AFR_only	101.390335	863	0.0	73.98710312862109	unrelated pool
AFR_only__greedy_maxkl__rep2	NA18488	greedy_maxkl	AFR_only	105.29482	815	24.539877300613355	75.69725153374233	unrelated pool
AFR_only__greedy_maxkl__rep2	NA18489	greedy_maxkl	AFR_only	101.390335	834	0.0	70.65521582733813	unrelated pool
AFR_only__greedy_maxkl__rep2	NA18498	greedy_maxkl	AFR_only	105.94338	870	22.98850574712685	73.15167816091954	unrelated pool
AFR_only__greedy_maxkl__rep2	NA18499	greedy_maxkl	AFR_only	104.033646	853	0.0	67.28357561547479	unrelated pool
AFR_only__greedy_maxkl__rep2	NA18501	greedy_maxkl	AFR_only	104.65658	878	0.0	70.8680979498861	unrelated pool
AFR_only__greedy_maxkl__rep2	NA20278	greedy_maxkl	AFR_only	109.62664	819	0.0	80.90777777777778	unrelated pool
AFR_only__greedy_maxkl__rep3	HG02814	greedy_maxkl	AFR_only	104.94284	721	13.86962552011095	75.58651872399444	unrelated pool
AFR_only__greedy_maxkl__rep3	NA18486	greedy_maxkl	AFR_only	103.4698	873	0.0	75.23332187857962	unrelated pool
AFR_only__greedy_maxkl__rep3	NA18487	greedy_maxkl	AFR_only	101.390335	854	11.709601873536313	73.86090163934426	unrelated pool
AFR_only__greedy_maxkl__rep3	NA18488	greedy_maxkl	AFR_only	104.94284	808	37.12871287128716	75.11777227722773	unrelated pool
AFR_only__greedy_maxkl__rep3	NA18489	greedy_maxkl	AFR_only	101.390335	845	11.834319526626835	69.42450887573965	unrelated pool
AFR_only__greedy_maxkl__rep3	NA18498	greedy_maxkl	AFR_only	105.94338	864	23.148148148147698	73.7420949074074	unrelated pool
AFR_only__greedy_maxkl__rep3	NA18499	greedy_maxkl	AFR_only	104.033646	841	11.890606420927874	67.20259215219976	unrelated pool
AFR_only__greedy_maxkl__rep3	NA18501	greedy_maxkl	AFR_only	104.65658	854	0.0	72.7447775175644	unrelated pool
AFR_only__greedy_maxmean__rep1	HG02433	greedy_maxmean	AFR_only	112.263084	845	0.0	83.7911597633136	unrelated pool
AFR_only__greedy_maxmean__rep1	HG02678	greedy_maxmean	AFR_only	116.025856	843	0.0	77.77097271648874	unrelated pool
AFR_only__greedy_maxmean__rep1	HG02816	greedy_maxmean	AFR_only	112.42776	785	0.0	80.61648407643312	unrelated pool
AFR_only__greedy_maxmean__rep1	HG02977	greedy_maxmean	AFR_only	118.86127	895	11.173184357542443	80.86220111731843	unrelated pool
AFR_only__greedy_maxmean__rep1	HG03136	greedy_maxmean	AFR_only	114.30223	810	0.0	75.95717283950617	unrelated pool
AFR_only__greedy_maxmean__rep1	NA19922	greedy_maxmean	AFR_only	112.263084	834	11.990407673860837	79.37808153477219	unrelated pool
AFR_only__greedy_maxmean__rep1	NA20274	greedy_maxmean	AFR_only	104.52751	844	23.696682464454668	78.49465639810427	unrelated pool
AFR_only__greedy_maxmean__rep1	NA20314	greedy_maxmean	AFR_only	104.52751	834	0.0	86.72955635491607	unrelated pool
AFR_only__greedy_maxmean__rep2	HG02678	greedy_maxmean	AFR_only	116.025856	828	12.077294685990392	77.55985507246376	unrelated pool
AFR_only__greedy_maxmean__rep2	HG02816	greedy_maxmean	AFR_only	113.1415	784	0.0	84.90950255102041	unrelated pool
AFR_only__greedy_maxmean__rep2	HG02977	greedy_maxmean	AFR_only	118.86127	900	0.0	80.42887777777779	unrelated pool
AFR_only__greedy_maxmean__rep2	HG03136	greedy_maxmean	AFR_only	114.30223	831	0.0	76.95128760529482	unrelated pool
AFR_only__greedy_maxmean__rep2	NA19922	greedy_maxmean	AFR_only	112.663216	841	11.890606420927874	79.46665873959573	unrelated pool
AFR_only__greedy_maxmean__rep2	NA20274	greedy_maxmean	AFR_only	104.52751	849	0.0	73.5320023557126	unrelated pool
AFR_only__greedy_maxmean__rep2	NA20278	greedy_maxmean	AFR_only	109.15127	817	0.0	77.99760097919217	unrelated pool
AFR_only__greedy_maxmean__rep2	NA20314	greedy_maxmean	AFR_only	104.52751	851	11.75088131609825	82.76162162162161	unrelated pool
AFR_only__greedy_maxmean__rep3	HG02678	greedy_maxmean	AFR_only	114.429016	822	0.0	81.902299270073	unrelated pool
AFR_only__greedy_maxmean__rep3	HG02814	greedy_maxmean	AFR_only	110.905365	735	0.0	77.53608163265305	unrelated pool
AFR_only__greedy_maxmean__rep3	HG02816	greedy_maxmean	AFR_only	110.905365	806	0.0	80.10245657568238	unrelated pool
AFR_only__greedy_maxmean__rep3	HG02977	greedy_maxmean	AFR_only	113.3843	863	0.0	82.72319814600232	unrelated pool
AFR_only__greedy_maxmean__rep3	NA19707	greedy_maxmean	AFR_only	114.92606	879	0.0	79.22034129692834	unrelated pool
AFR_only__greedy_maxmean__rep3	NA20127	greedy_maxmean	AFR_only	109.98182	817	12.23990208078285	80.6303182374541	unrelated pool
AFR_only__greedy_maxmean__rep3	NA20314	greedy_maxmean	AFR_only	114.982605	882	0.0	89.64072562358277	unrelated pool
AFR_only__greedy_maxmean__rep3	NA20334	greedy_maxmean	AFR_only	109.98182	869	11.507479861909697	80.65582278481013	unrelated pool
AFR_only__greedy_maxmin__rep1	HG01912	greedy_maxmin	AFR_only	114.494545	826	0.0	79.09161016949152	unrelated pool
AFR_only__greedy_maxmin__rep1	HG02678	greedy_maxmin	AFR_only	115.01739	879	0.0	80.90688282138794	unrelated pool
AFR_only__greedy_maxmin__rep1	HG02977	greedy_maxmin	AFR_only	115.74973	849	11.778563015312216	82.27162544169612	unrelated pool
AFR_only__greedy_maxmin__rep1	HG03081	greedy_maxmin	AFR_only	113.7717	857	0.0	78.95402567094517	unrelated pool
AFR_only__greedy_maxmin__rep1	NA19042	greedy_maxmin	AFR_only	113.7717	843	0.0	77.81215895610913	unrelated pool
AFR_only__greedy_maxmin__rep1	NA19707	greedy_maxmin	AFR_only	114.89561	854	0.0	79.38318501170961	unrelated pool
AFR_only__greedy_maxmin__rep1	NA20314	greedy_maxmin	AFR_only	116.38299	888	0.0	91.37902027027027	unrelated pool
AFR_only__greedy_maxmin__rep1	NA20334	greedy_maxmin	AFR_only	116.16368	834	11.990407673860837	82.06478417266187	unrelated pool
AFR_only__greedy_maxmin__rep2	HG02143	greedy_maxmin	AFR_only	112.67209	877	22.805017103763035	75.07469783352337	unrelated pool
AFR_only__greedy_maxmin__rep2	HG02678	greedy_maxmin	AFR_only	115.41663	854	0.0	77.79779859484778	unrelated pool
AFR_only__greedy_maxmin__rep2	HG02816	greedy_maxmin	AFR_only	112.67209	785	0.0	77.23571974522294	unrelated pool
AFR_only__greedy_maxmin__rep2	HG02977	greedy_maxmin	AFR_only	118.12705	882	0.0	81.76769841269841	unrelated pool
AFR_only__greedy_maxmin__rep2	HG03105	greedy_maxmin	AFR_only	113.63098	857	0.0	77.91189031505252	unrelated pool
AFR_only__greedy_maxmin__rep2	HG03136	greedy_maxmin	AFR_only	113.21219	835	11.976047904191933	75.13210778443114	unrelated pool
AFR_only__greedy_maxmin__rep2	NA20278	greedy_maxmin	AFR_only	113.38871	790	0.0	83.42072151898734	unrelated pool
AFR_only__greedy_maxmin__rep2	NA20314	greedy_maxmin	AFR_only	117.19215	807	0.0	97.2614498141264	unrelated pool
AFR_only__greedy_maxmin__rep3	HG02678	greedy_maxmin	AFR_only	114.429016	871	0.0	80.71594718714121	unrelated pool
AFR_only__greedy_maxmin__rep3	HG02814	greedy_maxmin	AFR_only	111.085556	750	0.0	83.1948	unrelated pool
AFR_only__greedy_maxmin__rep3	HG02977	greedy_maxmin	AFR_only	113.3843	877	0.0	82.07320410490307	unrelated pool
AFR_only__greedy_maxmin__rep3	HG03105	greedy_maxmin	AFR_only	111.085556	850	11.764705882353343	80.80015294117648	unrelated pool
AFR_only__greedy_maxmin__rep3	NA19707	greedy_maxmin	AFR_only	111.48543	824	12.135922330097637	82.90936893203884	unrelated pool
AFR_only__greedy_maxmin__rep3	NA19923	greedy_maxmin	AFR_only	111.48543	830	0.0	79.36196385542169	unrelated pool
AFR_only__greedy_maxmin__rep3	NA20314	greedy_maxmin	AFR_only	115.09561	881	11.350737797957144	86.36004540295119	unrelated pool
AFR_only__greedy_maxmin__rep3	NA20334	greedy_maxmin	AFR_only	114.00877	874	0.0	82.15687643020595	unrelated pool
AFR_only__random__rep1	HG02420	random	AFR_only	109.77249	776	0.0	87.2326030927835	unrelated pool
AFR_only__random__rep1	HG02429	random	AFR_only	107.16809	827	12.091898428052694	74.40792019347037	unrelated pool
AFR_only__random__rep1	HG03202	random	AFR_only	105.4846	796	0.0	79.56153266331658	unrelated pool
AFR_only__random__rep1	HG03225	random	AFR_only	105.886734	832	0.0	72.09283653846154	unrelated pool
AFR_only__random__rep1	NA18878	random	AFR_only	105.6125	797	0.0	74.71214554579674	unrelated pool
AFR_only__random__rep1	NA19092	random	AFR_only	106.52699	830	0.0	79.18577108433735	unrelated pool
AFR_only__random__rep1	NA19203	random	AFR_only	105.3423	849	0.0	75.73706713780918	unrelated pool
AFR_only__random__rep1	NA19394	random	AFR_only	105.3423	851	23.50176263219761	81.18674500587544	unrelated pool
AFR_only__random__rep2	HG01956	random	AFR_only	106.188515	922	0.0	75.44131236442516	unrelated pool
AFR_only__random__rep2	HG02009	random	AFR_only	107.72186	839	0.0	83.15690107270561	unrelated pool
AFR_only__random__rep2	HG02888	random	AFR_only	106.04716	881	0.0	77.08158910329172	unrelated pool
AFR_only__random__rep2	HG03157	random	AFR_only	105.58882	820	12.195121951219523	74.85656097560975	unrelated pool
AFR_only__random__rep2	NA19171	random	AFR_only	106.04716	876	22.831050228310225	75.56750000000001	unrelated pool
AFR_only__random__rep2	NA19454	random	AFR_only	105.58882	838	11.933174224343368	75.0152505966587	unrelated pool
AFR_only__random__rep2	NA19982	random	AFR_only	108.16654	863	11.587485515642815	81.52803012746234	unrelated pool
AFR_only__random__rep2	NA20299	random	AFR_only	108.16654	834	11.990407673860837	82.85286570743405	unrelated pool
AFR_only__random__rep3	HG02308	random	AFR_only	107.210075	871	0.0	77.68593570608496	unrelated pool
AFR_only__random__rep3	HG02756	random	AFR_only	104.25449	856	35.04672897196248	70.3888668224299	unrelated pool
AFR_only__random__rep3	HG02811	random	AFR_only	106.94391	829	12.062726176115257	72.37447527141134	unrelated pool
AFR_only__random__rep3	HG02887	random	AFR_only	105.47986	804	0.0	75.46460199004976	unrelated pool
AFR_only__random__rep3	HG03159	random	AFR_only	104.25449	869	23.014959723820503	75.57575373993096	unrelated pool
AFR_only__random__rep3	HG03449	random	AFR_only	106.0613	878	0.0	75.1477562642369	unrelated pool
AFR_only__random__rep3	HG03478	random	AFR_only	106.0613	789	12.674271229404788	77.19709759188846	unrelated pool
AFR_only__random__rep3	NA19128	random	AFR_only	108.69222	774	0.0	77.66910852713178	unrelated pool
AMR_only__adversarial_mindist__rep1	HG00640	adversarial_mindist	AMR_only	97.072136	790	25.316455696202667	68.3886329113924	unrelated pool
AMR_only__adversarial_mindist__rep1	HG01080	adversarial_mindist	AMR_only	98.0	872	22.935779816514177	75.4120642201835	unrelated pool
AMR_only__adversarial_mindist__rep1	HG01111	adversarial_mindist	AMR_only	97.072136	915	0.0	63.90272131147541	unrelated pool
AMR_only__adversarial_mindist__rep1	HG01284	adversarial_mindist	AMR_only	98.64583	820	12.195121951219523	60.32187804878049	unrelated pool
AMR_only__adversarial_mindist__rep1	HG01393	adversarial_mindist	AMR_only	100.42908	893	0.0	70.45297872340426	unrelated pool
AMR_only__adversarial_mindist__rep1	HG01468	adversarial_mindist	AMR_only	97.933655	797	0.0	72.90174404015056	unrelated pool
AMR_only__adversarial_mindist__rep1	HG01498	adversarial_mindist	AMR_only	98.0	854	11.709601873536313	68.67933255269321	unrelated pool
AMR_only__adversarial_mindist__rep1	NA19785	adversarial_mindist	AMR_only	98.56977	819	0.0	65.00871794871794	unrelated pool
AMR_only__adversarial_mindist__rep2	HG01923	adversarial_mindist	AMR_only	87.49286	875	11.428571428571122	52.01137142857142	unrelated pool
AMR_only__adversarial_mindist__rep2	HG01926	adversarial_mindist	AMR_only	86.17424	884	11.312217194570096	55.80061085972851	unrelated pool
AMR_only__adversarial_mindist__rep2	HG01936	adversarial_mindist	AMR_only	86.34234	842	11.87648456057011	58.8862351543943	unrelated pool
AMR_only__adversarial_mindist__rep2	HG01973	adversarial_mindist	AMR_only	85.69131	862	58.00464037122977	53.90893271461717	unrelated pool
AMR_only__adversarial_mindist__rep2	HG01992	adversarial_mindist	AMR_only	87.17798	901	11.098779134295356	52.14562708102109	unrelated pool
AMR_only__adversarial_mindist__rep2	HG02147	adversarial_mindist	AMR_only	88.35157	811	24.66091245376112	50.332355117139336	unrelated pool
AMR_only__adversarial_mindist__rep2	HG02150	adversarial_mindist	AMR_only	85.69131	851	23.50176263219761	51.73066980023502	unrelated pool
AMR_only__adversarial_mindist__rep2	HG02272	adversarial_mindist	AMR_only	85.77296	846	35.460992907800915	48.58832151300236	unrelated pool
AMR_only__adversarial_mindist__rep3	HG01923	adversarial_mindist	AMR_only	86.42916	864	11.574074074074403	52.46182870370371	unrelated pool
AMR_only__adversarial_mindist__rep3	HG01936	adversarial_mindist	AMR_only	87.05171	845	0.0	59.545822485207104	unrelated pool
AMR_only__adversarial_mindist__rep3	HG01997	adversarial_mindist	AMR_only	86.55634	870	11.494252873562871	53.880505747126435	unrelated pool
AMR_only__adversarial_mindist__rep3	HG02104	adversarial_mindist	AMR_only	92.49324	858	23.31002331002363	52.41759906759907	unrelated pool
AMR_only__adversarial_mindist__rep3	HG02150	adversarial_mindist	AMR_only	86.55634	883	11.325028312570984	53.35386183465459	unrelated pool
AMR_only__adversarial_mindist__rep3	HG02272	adversarial_mindist	AMR_only	89.73294	864	11.574074074074403	51.57615740740741	unrelated pool
AMR_only__adversarial_mindist__rep3	HG02286	adversarial_mindist	AMR_only	90.851524	837	35.842293906810376	58.029235364396655	unrelated pool
AMR_only__adversarial_mindist__rep3	HG02291	adversarial_mindist	AMR_only	86.42916	860	11.627906976744429	46.40630232558139	unrelated pool
AMR_only__greedy_maxkl__rep1	HG02147	greedy_maxkl	AMR_only	115.24322	858	23.31002331002363	55.34250582750583	unrelated pool
AMR_only__greedy_maxkl__rep2	HG02146	greedy_maxkl	AMR_only	98.65597	855	23.39181286549752	55.095122807017546	unrelated pool
AMR_only__greedy_maxkl__rep2	HG02147	greedy_maxkl	AMR_only	89.615845	866	0.0	54.71233256351039	unrelated pool
AMR_only__greedy_maxkl__rep2	HG02150	greedy_maxkl	AMR_only	89.615845	842	35.62945368171033	53.914477434679334	unrelated pool
AMR_only__greedy_maxkl__rep2	HG02252	greedy_maxkl	AMR_only	98.20896	861	11.614401858304202	58.31313588850174	unrelated pool
AMR_only__greedy_maxkl__rep2	HG02253	greedy_maxkl	AMR_only	100.57833	861	11.614401858304202	87.86012775842045	unrelated pool
AMR_only__greedy_maxkl__rep2	HG02259	greedy_maxkl	AMR_only	90.06109	834	23.980815347721673	54.11684652278177	unrelated pool
AMR_only__greedy_maxkl__rep2	HG02260	greedy_maxkl	AMR_only	95.86449	854	23.419203747072626	52.049192037470725	unrelated pool
AMR_only__greedy_maxkl__rep2	NA19773	greedy_maxkl	AMR_only	105.37552	801	0.0	66.992709113608	unrelated pool
AMR_only__greedy_maxkl__rep3	HG01174	greedy_maxkl	AMR_only	108.78419	797	0.0	74.63855708908406	unrelated pool
AMR_only__greedy_maxkl__rep3	HG02146	greedy_maxkl	AMR_only	98.65597	861	11.614401858304202	55.68523809523809	unrelated pool
AMR_only__greedy_maxkl__rep3	HG02147	greedy_maxkl	AMR_only	89.615845	862	11.600928074245731	54.493306264501165	unrelated pool
AMR_only__greedy_maxkl__rep3	HG02150	greedy_maxkl	AMR_only	89.615845	829	60.31363088057851	54.0343425814234	unrelated pool
AMR_only__greedy_maxkl__rep3	HG02252	greedy_maxkl	AMR_only	98.20896	869	11.507479861909697	58.42790563866513	unrelated pool
AMR_only__greedy_maxkl__rep3	HG02253	greedy_maxkl	AMR_only	100.57833	875	22.85714285714335	86.76064	unrelated pool
AMR_only__greedy_maxkl__rep3	HG02259	greedy_maxkl	AMR_only	90.06109	821	0.0	54.9400730816078	unrelated pool
AMR_only__greedy_maxkl__rep3	HG02260	greedy_maxkl	AMR_only	95.86449	866	0.0	52.26450346420323	unrelated pool
AMR_only__greedy_maxmean__rep1	HG01082	greedy_maxmean	AMR_only	109.81348	814	0.0	79.77545454545455	unrelated pool
AMR_only__greedy_maxmean__rep1	HG01105	greedy_maxmean	AMR_only	109.370926	837	11.947431302270495	73.98832735961768	unrelated pool
AMR_only__greedy_maxmean__rep1	HG01108	greedy_maxmean	AMR_only	111.09006	845	0.0	97.51218934911243	unrelated pool
AMR_only__greedy_maxmean__rep1	HG01242	greedy_maxmean	AMR_only	111.09006	894	11.185682326622093	81.07065995525727	unrelated pool
AMR_only__greedy_maxmean__rep1	HG01303	greedy_maxmean	AMR_only	110.77906	859	0.0	71.44233993015133	unrelated pool
AMR_only__greedy_maxmean__rep1	HG01369	greedy_maxmean	AMR_only	107.680084	854	35.12880562060894	68.37306791569087	unrelated pool
AMR_only__greedy_maxmean__rep1	HG01491	greedy_maxmean	AMR_only	109.370926	838	11.933174224343368	70.15655131264917	unrelated pool
AMR_only__greedy_maxmean__rep1	HG02271	greedy_maxmean	AMR_only	107.680084	867	11.534025374856371	70.12763552479817	unrelated pool
AMR_only__greedy_maxmean__rep2	HG01082	greedy_maxmean	AMR_only	107.82393	857	11.66861143523934	79.93939323220536	unrelated pool
AMR_only__greedy_maxmean__rep2	HG01095	greedy_maxmean	AMR_only	106.78951	857	0.0	73.46393232205368	unrelated pool
AMR_only__greedy_maxmean__rep2	HG01102	greedy_maxmean	AMR_only	109.18791	833	24.009603841537164	69.77570228091237	unrelated pool
AMR_only__greedy_maxmean__rep2	HG01108	greedy_maxmean	AMR_only	109.18791	868	11.520737327188613	100.2068202764977	unrelated pool
AMR_only__greedy_maxmean__rep2	HG01242	greedy_maxmean	AMR_only	111.09006	903	0.0	83.7463565891473	unrelated pool
AMR_only__greedy_maxmean__rep2	HG02147	greedy_maxmean	AMR_only	97.27281	847	23.612750885477762	63.93223140495868	unrelated pool
AMR_only__greedy_maxmean__rep2	HG02275	greedy_maxmean	AMR_only	97.27281	849	11.778563015312216	61.26773851590106	unrelated pool
AMR_only__greedy_maxmean__rep2	NA19773	greedy_maxmean	AMR_only	106.78951	794	12.594458438287548	65.84215365239295	unrelated pool
AMR_only__greedy_maxmean__rep3	HG01082	greedy_maxmean	AMR_only	108.70142	838	11.933174224343368	85.42165871121719	unrelated pool
AMR_only__greedy_maxmean__rep3	HG01095	greedy_maxmean	AMR_only	110.96396	836	0.0	81.27023923444976	unrelated pool
AMR_only__greedy_maxmean__rep3	HG01107	greedy_maxmean	AMR_only	110.92339	862	11.600928074245731	80.40313225058004	unrelated pool
AMR_only__greedy_maxmean__rep3	HG01108	greedy_maxmean	AMR_only	111.09006	881	0.0	96.15400681044267	unrelated pool
AMR_only__greedy_maxmean__rep3	HG01174	greedy_maxmean	AMR_only	110.92339	832	0.0	71.89311298076923	unrelated pool
AMR_only__greedy_maxmean__rep3	HG01242	greedy_maxmean	AMR_only	111.09006	857	11.66861143523934	82.97914819136523	unrelated pool
AMR_only__greedy_maxmean__rep3	HG01950	greedy_maxmean	AMR_only	100.47388	846	0.0	59.46932624113475	unrelated pool
AMR_only__greedy_maxmean__rep3	HG01992	greedy_maxmean	AMR_only	100.47388	910	21.9780219780219	65.29964835164836	unrelated pool
AMR_only__greedy_maxmin__rep1	HG01095	greedy_maxmin	AMR_only	111.108055	879	0.0	75.34310580204777	unrelated pool
AMR_only__greedy_maxmin__rep1	HG01102	greedy_maxmin	AMR_only	112.91147	846	23.640661938534315	68.35949172576832	unrelated pool
AMR_only__greedy_maxmin__rep1	HG01242	greedy_maxmin	AMR_only	112.7342	893	0.0	78.73483762597985	unrelated pool
AMR_only__greedy_maxmin__rep1	HG01286	greedy_maxmin	AMR_only	112.31652	870	11.494252873562871	80.50044827586207	unrelated pool
AMR_only__greedy_maxmin__rep1	HG01351	greedy_maxmin	AMR_only	111.108055	882	0.0	62.931836734693874	unrelated pool
AMR_only__greedy_maxmin__rep1	HG01396	greedy_maxmin	AMR_only	111.534744	847	11.806375442738881	72.06846517119244	unrelated pool
AMR_only__greedy_maxmin__rep1	HG02286	greedy_maxmin	AMR_only	111.82129	822	12.165450121655041	64.8680413625304	unrelated pool
AMR_only__greedy_maxmin__rep1	NA19792	greedy_maxmin	AMR_only	112.29426	902	0.0	64.95890243902438	unrelated pool
AMR_only__greedy_maxmin__rep2	HG01082	greedy_maxmin	AMR_only	111.225	811	0.0	77.75272503082614	unrelated pool
AMR_only__greedy_maxmin__rep2	HG01083	greedy_maxmin	AMR_only	111.45851	890	33.70786516853963	67.18862921348314	unrelated pool
AMR_only__greedy_maxmin__rep2	HG01102	greedy_maxmin	AMR_only	112.91147	860	11.627906976744429	66.23003488372093	unrelated pool
AMR_only__greedy_maxmin__rep2	HG01242	greedy_maxmin	AMR_only	111.8347	882	11.337868480725266	85.40257369614513	unrelated pool
AMR_only__greedy_maxmin__rep2	HG01396	greedy_maxmin	AMR_only	111.85705	892	0.0	69.11607623318386	unrelated pool
AMR_only__greedy_maxmin__rep2	NA19773	greedy_maxmin	AMR_only	110.87831	800	12.499999999999734	64.89705	unrelated pool
AMR_only__greedy_maxmin__rep2	NA19783	greedy_maxmin	AMR_only	114.39406	850	0.0	70.27895294117647	unrelated pool
AMR_only__greedy_maxmin__rep2	NA19792	greedy_maxmin	AMR_only	110.87831	893	0.0	65.13115341545353	unrelated pool
AMR_only__greedy_maxmin__rep3	HG01095	greedy_maxmin	AMR_only	110.684235	863	0.0	75.91712630359213	unrelated pool
AMR_only__greedy_maxmin__rep3	HG01108	greedy_maxmin	AMR_only	111.09006	858	11.655011655011815	96.00081585081585	unrelated pool
AMR_only__greedy_maxmin__rep3	HG01174	greedy_maxmin	AMR_only	110.96396	816	12.25490196078427	69.28176470588235	unrelated pool
AMR_only__greedy_maxmin__rep3	HG01242	greedy_maxmin	AMR_only	111.09006	828	12.077294685990392	83.694384057971	unrelated pool
AMR_only__greedy_maxmin__rep3	HG01459	greedy_maxmin	AMR_only	110.684235	877	0.0	69.76247434435577	unrelated pool
AMR_only__greedy_maxmin__rep3	HG01464	greedy_maxmin	AMR_only	112.098175	827	12.091898428052694	81.14835550181378	unrelated pool
AMR_only__greedy_maxmin__rep3	HG01992	greedy_maxmin	AMR_only	113.02654	908	0.0	67.50318281938326	unrelated pool
AMR_only__greedy_maxmin__rep3	NA19792	greedy_maxmin	AMR_only	111.42262	887	0.0	69.13158962795941	unrelated pool
AMR_only__random__rep1	HG01067	random	AMR_only	103.80751	855	11.695906432748204	74.16095906432749	unrelated pool
AMR_only__random__rep1	HG01092	random	AMR_only	105.403984	843	0.0	76.95697508896798	unrelated pool
AMR_only__random__rep1	HG01284	random	AMR_only	103.80751	881	0.0	63.43287173666288	unrelated pool
AMR_only__random__rep1	HG01366	random	AMR_only	104.47966	908	11.013215859030367	68.03699339207049	unrelated pool
AMR_only__random__rep1	HG01378	random	AMR_only	103.71596	904	11.061946902655162	66.3004203539823	unrelated pool
AMR_only__random__rep1	HG02090	random	AMR_only	103.71596	826	0.0	77.7063196125908	unrelated pool
AMR_only__random__rep1	NA19679	random	AMR_only	106.268524	874	0.0	70.61439359267735	unrelated pool
AMR_only__random__rep1	NA19755	random	AMR_only	104.21612	823	24.30133657351119	71.35828675577157	unrelated pool
AMR_only__random__rep2	HG00731	random	AMR_only	105.55567	887	0.0	65.06866967305524	unrelated pool
AMR_only__random__rep2	HG00736	random	AMR_only	105.796974	843	0.0	71.28565836298932	unrelated pool
AMR_only__random__rep2	HG01204	random	AMR_only	105.55567	863	0.0	73.2347392815759	unrelated pool
AMR_only__random__rep2	HG01360	random	AMR_only	105.796974	898	22.271714922048602	69.75943207126949	unrelated pool
AMR_only__random__rep2	HG02253	random	AMR_only	102.97087	867	0.0	73.70076124567474	unrelated pool
AMR_only__random__rep2	NA19722	random	AMR_only	102.97087	806	0.0	81.40668734491314	unrelated pool
AMR_only__random__rep2	NA19758	random	AMR_only	105.29008	856	35.04672897196248	67.71586448598131	unrelated pool
AMR_only__random__rep2	NA19774	random	AMR_only	103.435974	826	12.10653753026647	70.56710653753026	unrelated pool
AMR_only__random__rep3	HG01054	random	AMR_only	100.21477	921	0.0	72.60788273615636	unrelated pool
AMR_only__random__rep3	HG01148	random	AMR_only	104.048065	833	0.0	70.88702280912365	unrelated pool
AMR_only__random__rep3	HG01171	random	AMR_only	103.11159	843	11.862396204033177	79.46021352313169	unrelated pool
AMR_only__random__rep3	HG01204	random	AMR_only	102.04901	887	22.547914317925244	73.9076888387824	unrelated pool
AMR_only__random__rep3	HG01362	random	AMR_only	104.647026	868	0.0	84.49258064516128	unrelated pool
AMR_only__random__rep3	HG01474	random	AMR_only	102.96116	885	0.0	68.15292655367232	unrelated pool
AMR_only__random__rep3	HG01491	random	AMR_only	102.04901	857	0.0	71.41973162193699	unrelated pool
AMR_only__random__rep3	HG02089	random	AMR_only	100.21477	842	11.87648456057011	70.21564133016626	unrelated pool
EAS_only__adversarial_mindist__rep1	HG00421	adversarial_mindist	EAS_only	94.23375	821	0.0	60.762923264311816	unrelated pool
EAS_only__adversarial_mindist__rep1	HG00437	adversarial_mindist	EAS_only	94.54099	871	11.481056257175437	56.58086107921929	unrelated pool
EAS_only__adversarial_mindist__rep1	HG01873	adversarial_mindist	EAS_only	93.18798	871	34.443168771527425	60.9296785304248	unrelated pool
EAS_only__adversarial_mindist__rep1	HG02025	adversarial_mindist	EAS_only	93.18798	804	24.875621890547706	57.174527363184076	unrelated pool
EAS_only__adversarial_mindist__rep1	HG02029	adversarial_mindist	EAS_only	92.8978	860	34.88372093023217	58.20026744186047	unrelated pool
EAS_only__adversarial_mindist__rep1	HG02078	adversarial_mindist	EAS_only	94.23375	890	22.47191011235938	64.82233707865169	unrelated pool
EAS_only__adversarial_mindist__rep1	NA19066	adversarial_mindist	EAS_only	94.873604	821	12.180267965895553	55.16656516443362	unrelated pool
EAS_only__adversarial_mindist__rep1	NA19068	adversarial_mindist	EAS_only	92.8978	826	36.31961259079941	57.699043583535115	unrelated pool
EAS_only__adversarial_mindist__rep2	HG00437	adversarial_mindist	EAS_only	93.50936	878	11.38952164009166	55.638872437357634	unrelated pool
EAS_only__adversarial_mindist__rep2	HG00577	adversarial_mindist	EAS_only	90.6587	908	11.013215859030367	61.65556167400881	unrelated pool
EAS_only__adversarial_mindist__rep2	HG00657	adversarial_mindist	EAS_only	94.19129	877	22.805017103763035	54.92950969213227	unrelated pool
EAS_only__adversarial_mindist__rep2	NA18536	adversarial_mindist	EAS_only	92.96236	855	0.0	57.891134502923975	unrelated pool
EAS_only__adversarial_mindist__rep2	NA18610	adversarial_mindist	EAS_only	92.96236	865	23.121387283236984	55.0349710982659	unrelated pool
EAS_only__adversarial_mindist__rep2	NA18625	adversarial_mindist	EAS_only	93.12357	826	24.21307506053294	60.522602905569	unrelated pool
EAS_only__adversarial_mindist__rep2	NA18638	adversarial_mindist	EAS_only	93.50936	841	11.890606420927874	54.833531510107015	unrelated pool
EAS_only__adversarial_mindist__rep2	NA19001	adversarial_mindist	EAS_only	90.6587	851	11.75088131609825	56.30519388954172	unrelated pool
EAS_only__adversarial_mindist__rep3	HG00537	adversarial_mindist	EAS_only	92.40671	902	22.172949002217113	59.83243902439025	unrelated pool
EAS_only__adversarial_mindist__rep3	HG00557	adversarial_mindist	EAS_only	94.1966	879	0.0	58.588327645051194	unrelated pool
EAS_only__adversarial_mindist__rep3	HG00593	adversarial_mindist	EAS_only	92.40671	853	23.446658851113966	63.095193434935524	unrelated pool
EAS_only__adversarial_mindist__rep3	NA18546	adversarial_mindist	EAS_only	93.230896	879	11.376564277588708	56.56392491467577	unrelated pool
EAS_only__adversarial_mindist__rep3	NA18648	adversarial_mindist	EAS_only	92.98925	706	42.492917847025694	62.58657223796035	unrelated pool
EAS_only__adversarial_mindist__rep3	NA18951	adversarial_mindist	EAS_only	90.575935	813	12.300123001229846	54.0169372693727	unrelated pool
EAS_only__adversarial_mindist__rep3	NA19067	adversarial_mindist	EAS_only	90.575935	877	11.402508551880963	58.776316989737744	unrelated pool
EAS_only__adversarial_mindist__rep3	NA19070	adversarial_mindist	EAS_only	94.678406	903	0.0	57.20177187153931	unrelated pool
EAS_only__greedy_maxkl__rep2	HG00403	greedy_maxkl	EAS_only	96.984535	875	11.428571428571122	63.23124571428572	unrelated pool
EAS_only__greedy_maxkl__rep2	HG00404	greedy_maxkl	EAS_only	97.637085	873	11.45475372279492	59.44219931271478	unrelated pool
EAS_only__greedy_maxkl__rep2	HG00406	greedy_maxkl	EAS_only	99.58414	855	23.39181286549752	62.53394152046784	unrelated pool
EAS_only__greedy_maxkl__rep2	HG00407	greedy_maxkl	EAS_only	97.29851	872	11.467889908256534	57.520974770642205	unrelated pool
EAS_only__greedy_maxkl__rep2	HG00409	greedy_maxkl	EAS_only	95.61381	864	34.7222222222221	56.505138888888894	unrelated pool
EAS_only__greedy_maxkl__rep2	HG00410	greedy_maxkl	EAS_only	100.632996	823	0.0	56.5778857837181	unrelated pool
EAS_only__greedy_maxkl__rep2	HG00418	greedy_maxkl	EAS_only	97.4115	881	22.70147559591429	60.10410896708286	unrelated pool
EAS_only__greedy_maxkl__rep2	NA19067	greedy_maxkl	EAS_only	95.61381	839	11.918951132300348	58.11756853396901	unrelated pool
EAS_only__greedy_maxkl__rep3	HG00403	greedy_maxkl	EAS_only	97.91322	884	22.62443438914019	63.824377828054295	unrelated pool
EAS_only__greedy_maxkl__rep3	HG00404	greedy_maxkl	EAS_only	98.43272	875	0.0	59.33249142857143	unrelated pool
EAS_only__greedy_maxkl__rep3	HG00406	greedy_maxkl	EAS_only	99.58414	838	11.933174224343368	64.28696897374702	unrelated pool
EAS_only__greedy_maxkl__rep3	HG00407	greedy_maxkl	EAS_only	97.29851	880	22.727272727273153	58.68188636363636	unrelated pool
EAS_only__greedy_maxkl__rep3	HG00409	greedy_maxkl	EAS_only	97.29851	871	22.962112514350874	58.82499425947187	unrelated pool
EAS_only__greedy_maxkl__rep3	HG00410	greedy_maxkl	EAS_only	100.632996	832	0.0	54.63866586538462	unrelated pool
EAS_only__greedy_maxkl__rep3	HG00418	greedy_maxkl	EAS_only	97.91322	888	0.0	58.8958445945946	unrelated pool
EAS_only__greedy_maxkl__rep3	HG00982	greedy_maxkl	EAS_only	100.42908	810	37.037037037036534	58.25772839506173	unrelated pool
EAS_only__greedy_maxmean__rep1	HG00410	greedy_maxmean	EAS_only	103.21337	819	36.6300366300365	56.14809523809524	unrelated pool
EAS_only__greedy_maxmean__rep1	HG00525	greedy_maxmean	EAS_only	105.0238	804	24.875621890547706	57.24007462686567	unrelated pool
EAS_only__greedy_maxmean__rep1	HG01850	greedy_maxmean	EAS_only	104.608795	869	0.0	62.87576524741082	unrelated pool
EAS_only__greedy_maxmean__rep1	HG02154	greedy_maxmean	EAS_only	104.608795	904	11.061946902655162	60.91217920353982	unrelated pool
EAS_only__greedy_maxmean__rep1	HG02383	greedy_maxmean	EAS_only	102.86399	878	0.0	62.06594533029613	unrelated pool
EAS_only__greedy_maxmean__rep1	NA18648	greedy_maxmean	EAS_only	102.86399	732	13.66120218579181	62.82974043715847	unrelated pool
EAS_only__greedy_maxmean__rep1	NA18989	greedy_maxmean	EAS_only	104.41264	832	12.019230769231282	56.19070913461538	unrelated pool
EAS_only__greedy_maxmean__rep1	NA19080	greedy_maxmean	EAS_only	104.41264	881	34.052213393870325	61.18863791146425	unrelated pool
EAS_only__greedy_maxmean__rep2	HG00525	greedy_maxmean	EAS_only	103.08734	867	0.0	55.35521337946943	unrelated pool
EAS_only__greedy_maxmean__rep2	HG02154	greedy_maxmean	EAS_only	103.17946	857	11.66861143523934	56.50252042007001	unrelated pool
EAS_only__greedy_maxmean__rep2	HG02250	greedy_maxmean	EAS_only	103.33925	909	11.001100110010764	65.47916391639164	unrelated pool
EAS_only__greedy_maxmean__rep2	HG02383	greedy_maxmean	EAS_only	102.3621	837	11.947431302270495	62.63097968936678	unrelated pool
EAS_only__greedy_maxmean__rep2	NA18562	greedy_maxmean	EAS_only	103.33925	846	11.820330969266601	60.424787234042554	unrelated pool
EAS_only__greedy_maxmean__rep2	NA18989	greedy_maxmean	EAS_only	102.63528	825	24.2424242424244	55.80890909090909	unrelated pool
EAS_only__greedy_maxmean__rep2	NA19067	greedy_maxmean	EAS_only	102.3621	833	12.004801920768582	58.878943577430974	unrelated pool
EAS_only__greedy_maxmean__rep2	NA19072	greedy_maxmean	EAS_only	102.63528	845	11.834319526626835	56.96352662721893	unrelated pool
EAS_only__greedy_maxmean__rep3	HG00475	greedy_maxmean	EAS_only	105.49407	882	11.337868480725266	57.360351473922904	unrelated pool
EAS_only__greedy_maxmean__rep3	HG00525	greedy_maxmean	EAS_only	107.53139	893	0.0	55.275823068309066	unrelated pool
EAS_only__greedy_maxmean__rep3	HG00982	greedy_maxmean	EAS_only	103.918236	837	11.947431302270495	58.03338112305855	unrelated pool
EAS_only__greedy_maxmean__rep3	HG02060	greedy_maxmean	EAS_only	105.49407	836	11.961722488038617	55.99813397129187	unrelated pool
EAS_only__greedy_maxmean__rep3	HG02250	greedy_maxmean	EAS_only	106.324974	885	11.29943502824804	61.81459887005649	unrelated pool
EAS_only__greedy_maxmean__rep3	HG02383	greedy_maxmean	EAS_only	103.918236	822	0.0	62.70435523114356	unrelated pool
EAS_only__greedy_maxmean__rep3	NA18964	greedy_maxmean	EAS_only	106.404884	857	0.0	64.57852975495916	unrelated pool
EAS_only__greedy_maxmean__rep3	NA18989	greedy_maxmean	EAS_only	106.35789	907	11.025358324145973	56.01586549062844	unrelated pool
EAS_only__greedy_maxmin__rep1	HG00475	greedy_maxmin	EAS_only	107.04672	878	11.38952164009166	60.19835990888383	unrelated pool
EAS_only__greedy_maxmin__rep1	HG00525	greedy_maxmin	EAS_only	107.53139	863	23.174971031286738	56.59602549246814	unrelated pool
EAS_only__greedy_maxmin__rep1	HG01850	greedy_maxmin	EAS_only	106.9065	866	23.09468822170868	63.00025404157044	unrelated pool
EAS_only__greedy_maxmin__rep1	HG02250	greedy_maxmin	EAS_only	106.404884	829	24.125452352231626	65.1591917973462	unrelated pool
EAS_only__greedy_maxmin__rep1	HG02383	greedy_maxmin	EAS_only	106.27794	806	0.0	64.4624317617866	unrelated pool
EAS_only__greedy_maxmin__rep1	NA18964	greedy_maxmin	EAS_only	105.91034	816	0.0	62.836372549019615	unrelated pool
EAS_only__greedy_maxmin__rep1	NA18978	greedy_maxmin	EAS_only	105.91034	872	0.0	59.30232798165137	unrelated pool
EAS_only__greedy_maxmin__rep1	NA18989	greedy_maxmin	EAS_only	106.54107	906	0.0	56.806092715231784	unrelated pool
EAS_only__greedy_maxmin__rep2	HG00410	greedy_maxmin	EAS_only	103.64362	836	11.961722488038617	57.247177033492825	unrelated pool
EAS_only__greedy_maxmin__rep2	HG01850	greedy_maxmin	EAS_only	103.29569	822	12.165450121655041	61.29973236009732	unrelated pool
EAS_only__greedy_maxmin__rep2	HG02057	greedy_maxmin	EAS_only	103.29569	902	22.172949002217113	61.97381374722838	unrelated pool
EAS_only__greedy_maxmin__rep2	HG02154	greedy_maxmin	EAS_only	103.17946	898	0.0	57.817884187082406	unrelated pool
EAS_only__greedy_maxmin__rep2	HG02250	greedy_maxmin	EAS_only	104.12492	924	0.0	65.86387445887446	unrelated pool
EAS_only__greedy_maxmin__rep2	NA19059	greedy_maxmin	EAS_only	103.40213	845	23.66863905325478	63.775976331360944	unrelated pool
EAS_only__greedy_maxmin__rep2	NA19067	greedy_maxmin	EAS_only	103.17946	853	11.723329425556983	58.07449003516999	unrelated pool
EAS_only__greedy_maxmin__rep2	NA19072	greedy_maxmin	EAS_only	103.47463	848	23.58490566037763	59.463985849056606	unrelated pool
EAS_only__greedy_maxmin__rep3	HG00475	greedy_maxmin	EAS_only	105.607765	858	0.0	56.819242424242425	unrelated pool
EAS_only__greedy_maxmin__rep3	HG00525	greedy_maxmin	EAS_only	106.98598	909	22.00220022002153	55.39680968096809	unrelated pool
EAS_only__greedy_maxmin__rep3	HG00982	greedy_maxmin	EAS_only	105.57935	825	12.1212121212122	58.068024242424244	unrelated pool
EAS_only__greedy_maxmin__rep3	HG01872	greedy_maxmin	EAS_only	105.57935	885	0.0	61.71502824858757	unrelated pool
EAS_only__greedy_maxmin__rep3	HG02250	greedy_maxmin	EAS_only	106.324974	880	22.727272727273153	62.24820454545454	unrelated pool
EAS_only__greedy_maxmin__rep3	NA18618	greedy_maxmin	EAS_only	105.607765	846	0.0	57.27510638297872	unrelated pool
EAS_only__greedy_maxmin__rep3	NA18964	greedy_maxmin	EAS_only	106.404884	858	11.655011655011815	63.730862470862476	unrelated pool
EAS_only__greedy_maxmin__rep3	NA18989	greedy_maxmin	EAS_only	106.395485	900	33.333333333332995	53.21304444444444	unrelated pool
EAS_only__random__rep1	HG00419	random	EAS_only	98.55455	829	24.125452352231626	58.61296743063933	unrelated pool
EAS_only__random__rep1	HG00428	random	EAS_only	99.5741	861	11.614401858304202	57.439825783972125	unrelated pool
EAS_only__random__rep1	HG00580	random	EAS_only	98.86354	841	0.0	62.44404280618312	unrelated pool
EAS_only__random__rep1	HG02122	random	EAS_only	98.48858	863	0.0	62.834588644264194	unrelated pool
EAS_only__random__rep1	HG02356	random	EAS_only	99.0202	883	22.650056625141968	60.604745186862964	unrelated pool
EAS_only__random__rep1	NA18555	random	EAS_only	99.18669	867	11.534025374856371	54.734117647058824	unrelated pool
EAS_only__random__rep1	NA18559	random	EAS_only	99.37303	916	10.917030567685337	59.3132096069869	unrelated pool
EAS_only__random__rep1	NA19068	random	EAS_only	98.48858	823	12.150668286755595	56.96787363304981	unrelated pool
EAS_only__random__rep2	HG00427	random	EAS_only	97.59611	878	22.779043280182208	62.71911161731207	unrelated pool
EAS_only__random__rep2	HG00443	random	EAS_only	97.994896	828	12.077294685990392	62.82438405797102	unrelated pool
EAS_only__random__rep2	HG01801	random	EAS_only	98.0765	864	11.574074074074403	62.819293981481486	unrelated pool
EAS_only__random__rep2	HG02060	random	EAS_only	97.994896	856	0.0	58.26235981308412	unrelated pool
EAS_only__random__rep2	NA18630	random	EAS_only	95.3782	838	35.79952267303121	69.35441527446301	unrelated pool
EAS_only__random__rep2	NA18988	random	EAS_only	97.59611	825	12.1212121212122	62.47718787878788	unrelated pool
EAS_only__random__rep2	NA19060	random	EAS_only	100.024994	860	0.0	60.60323255813953	unrelated pool
EAS_only__random__rep2	NA19075	random	EAS_only	95.3782	799	25.03128911138908	63.15324155193993	unrelated pool
EAS_only__random__rep3	HG00479	random	EAS_only	99.01515	912	21.929824561403024	62.760504385964914	unrelated pool
EAS_only__random__rep3	HG00707	random	EAS_only	97.36529	871	0.0	64.73843857634903	unrelated pool
EAS_only__random__rep3	HG00956	random	EAS_only	96.13532	856	23.36448598130869	64.8421378504673	unrelated pool
EAS_only__random__rep3	HG01800	random	EAS_only	99.26732	869	23.014959723820503	58.425408515535096	unrelated pool
EAS_only__random__rep3	HG02061	random	EAS_only	99.0202	849	0.0	62.19481743227326	unrelated pool
EAS_only__random__rep3	HG02367	random	EAS_only	96.13532	866	23.09468822170868	58.27230946882217	unrelated pool
EAS_only__random__rep3	HG02385	random	EAS_only	102.2888	845	47.33727810650845	60.37607100591716	unrelated pool
EAS_only__random__rep3	NA18617	random	EAS_only	99.694534	824	12.135922330097637	65.47890776699029	unrelated pool
EUR_AFR__adversarial_family_mixed__rep1	HG01912	adversarial_family_mixed	EUR_AFR	109.42577	816	12.25490196078427	90.98204656862745	family pool
EUR_AFR__adversarial_family_mixed__rep1	HG01985	adversarial_family_mixed	EUR_AFR	109.42577	856	11.68224299065379	85.86632009345796	family pool
EUR_AFR__adversarial_family_mixed__rep1	NA10838	adversarial_family_mixed	EUR_AFR	74.20242	791	25.284450063211004	32.9660809102402	family pool
EUR_AFR__adversarial_family_mixed__rep1	NA10839	adversarial_family_mixed	EUR_AFR	76.55717	852	35.21126760563376	33.66542253521126	family pool
EUR_AFR__adversarial_family_mixed__rep1	NA12003	adversarial_family_mixed	EUR_AFR	75.21968	823	12.150668286755595	37.849331713244226	family pool
EUR_AFR__adversarial_family_mixed__rep1	NA12004	adversarial_family_mixed	EUR_AFR	74.20242	827	0.0	41.00285368802902	family pool
EUR_AFR__adversarial_family_mixed__rep1	NA12005	adversarial_family_mixed	EUR_AFR	77.38217	870	0.0	41.56209195402298	family pool
EUR_AFR__adversarial_family_mixed__rep1	NA12006	adversarial_family_mixed	EUR_AFR	76.55717	873	11.45475372279492	40.075315005727376	family pool
EUR_AFR__adversarial_family_mixed__rep2	HG02427	adversarial_family_mixed	EUR_AFR	107.17276	817	12.23990208078285	86.43302325581395	family pool
EUR_AFR__adversarial_family_mixed__rep2	NA12877	adversarial_family_mixed	EUR_AFR	75.94735	787	38.11944091486663	35.24088945362135	family pool
EUR_AFR__adversarial_family_mixed__rep2	NA12878	adversarial_family_mixed	EUR_AFR	75.80897	859	81.49010477299213	33.52547147846333	family pool
EUR_AFR__adversarial_family_mixed__rep2	NA12889	adversarial_family_mixed	EUR_AFR	76.308586	793	25.22068095838548	42.02765447667087	family pool
EUR_AFR__adversarial_family_mixed__rep2	NA12890	adversarial_family_mixed	EUR_AFR	75.94735	790	63.291139240506666	43.56794936708861	family pool
EUR_AFR__adversarial_family_mixed__rep2	NA12891	adversarial_family_mixed	EUR_AFR	75.80897	863	46.34994206257237	43.77913093858633	family pool
EUR_AFR__adversarial_family_mixed__rep2	NA12892	adversarial_family_mixed	EUR_AFR	76.18399	801	62.42197253433224	37.965730337078654	family pool
EUR_AFR__adversarial_family_mixed__rep2	NA19144	adversarial_family_mixed	EUR_AFR	107.17276	863	0.0	87.78484356894555	family pool
EUR_AFR__adversarial_family_mixed__rep3	NA10860	adversarial_family_mixed	EUR_AFR	74.65253	808	12.376237623762387	34.868502475247524	family pool
EUR_AFR__adversarial_family_mixed__rep3	NA10861	adversarial_family_mixed	EUR_AFR	74.87323	862	69.6055684454755	35.04831786542923	family pool
EUR_AFR__adversarial_family_mixed__rep3	NA11992	adversarial_family_mixed	EUR_AFR	78.1409	832	0.0	38.03810096153846	family pool
EUR_AFR__adversarial_family_mixed__rep3	NA11993	adversarial_family_mixed	EUR_AFR	74.65253	812	12.315270935960854	45.5048645320197	family pool
EUR_AFR__adversarial_family_mixed__rep3	NA11994	adversarial_family_mixed	EUR_AFR	74.87323	865	46.24277456647397	37.86341040462428	family pool
EUR_AFR__adversarial_family_mixed__rep3	NA11995	adversarial_family_mixed	EUR_AFR	76.6355	875	45.714285714285595	41.46876571428571	family pool
EUR_AFR__adversarial_family_mixed__rep3	NA18489	adversarial_family_mixed	EUR_AFR	107.912	832	0.0	89.4385576923077	family pool
EUR_AFR__adversarial_family_mixed__rep3	NA19226	adversarial_family_mixed	EUR_AFR	107.912	805	0.0	91.81416149068322	family pool
EUR_AFR__adversarial_mindist__rep2	HG02511	adversarial_mindist	EUR_AFR	103.82678	811	0.0	79.1812823674476	unrelated pool
EUR_AFR__adversarial_mindist__rep2	HG03366	adversarial_mindist	EUR_AFR	100.7869	860	0.0	75.10725581395349	unrelated pool
EUR_AFR__adversarial_mindist__rep2	NA19027	adversarial_mindist	EUR_AFR	88.362885	894	11.185682326622093	67.6237807606264	unrelated pool
EUR_AFR__adversarial_mindist__rep2	NA19042	adversarial_mindist	EUR_AFR	88.362885	786	0.0	65.90860050890586	unrelated pool
EUR_AFR__adversarial_mindist__rep2	NA19095	adversarial_mindist	EUR_AFR	100.7869	852	11.737089201877549	75.40545774647887	unrelated pool
EUR_AFR__adversarial_mindist__rep2	NA19316	adversarial_mindist	EUR_AFR	103.61467	846	23.640661938534315	74.01440898345155	unrelated pool
EUR_AFR__adversarial_mindist__rep2	NA19374	adversarial_mindist	EUR_AFR	105.09519	852	11.737089201877549	76.81079812206573	unrelated pool
EUR_AFR__adversarial_mindist__rep2	NA19461	adversarial_mindist	EUR_AFR	103.4118	821	0.0	78.59825822168088	unrelated pool
EUR_AFR__adversarial_mindist__rep3	HG02014	adversarial_mindist	EUR_AFR	101.483986	816	12.25490196078427	76.26973039215686	unrelated pool
EUR_AFR__adversarial_mindist__rep3	HG02970	adversarial_mindist	EUR_AFR	101.38541	872	22.935779816514177	75.01149082568807	unrelated pool
EUR_AFR__adversarial_mindist__rep3	HG02973	adversarial_mindist	EUR_AFR	101.38541	833	12.004801920768582	74.76981992797118	unrelated pool
EUR_AFR__adversarial_mindist__rep3	HG03133	adversarial_mindist	EUR_AFR	101.779175	848	0.0	74.96944575471699	unrelated pool
EUR_AFR__adversarial_mindist__rep3	HG03300	adversarial_mindist	EUR_AFR	101.483986	879	0.0	76.87201365187714	unrelated pool
EUR_AFR__adversarial_mindist__rep3	HG03370	adversarial_mindist	EUR_AFR	102.50854	844	11.848341232227888	74.73468009478673	unrelated pool
EUR_AFR__adversarial_mindist__rep3	NA19017	adversarial_mindist	EUR_AFR	102.58167	875	11.428571428571122	72.35259428571428	unrelated pool
EUR_AFR__adversarial_mindist__rep3	NA19210	adversarial_mindist	EUR_AFR	102.10289	742	0.0	76.49495956873315	unrelated pool
EUR_AFR__ancestry_balanced__rep1	HG01624	ancestry_balanced	EUR_AFR	104.019226	848	23.58490566037763	69.16408018867925	unrelated pool
EUR_AFR__ancestry_balanced__rep1	HG02220	ancestry_balanced	EUR_AFR	103.93267	893	0.0	69.78035834266518	unrelated pool
EUR_AFR__ancestry_balanced__rep1	HG02944	ancestry_balanced	EUR_AFR	106.451866	830	12.04819277108471	77.16774698795182	unrelated pool
EUR_AFR__ancestry_balanced__rep1	HG03303	ancestry_balanced	EUR_AFR	107.17742	871	0.0	82.07761194029851	unrelated pool
EUR_AFR__ancestry_balanced__rep1	HG03565	ancestry_balanced	EUR_AFR	108.291275	833	0.0	80.7912725090036	unrelated pool
EUR_AFR__ancestry_balanced__rep1	NA07435	ancestry_balanced	EUR_AFR	103.93267	862	0.0	67.52462877030163	unrelated pool
EUR_AFR__ancestry_balanced__rep1	NA12891	ancestry_balanced	EUR_AFR	104.019226	885	11.29943502824804	70.39882485875707	unrelated pool
EUR_AFR__ancestry_balanced__rep1	NA19093	ancestry_balanced	EUR_AFR	106.451866	829	0.0	83.17541616405308	unrelated pool
EUR_AFR__ancestry_balanced__rep2	HG02009	ancestry_balanced	EUR_AFR	108.60018	854	0.0	79.88903981264637	unrelated pool
EUR_AFR__ancestry_balanced__rep2	HG02111	ancestry_balanced	EUR_AFR	106.57392	883	0.0	85.72895809739524	unrelated pool
EUR_AFR__ancestry_balanced__rep2	HG03452	ancestry_balanced	EUR_AFR	106.57392	818	0.0	76.51597799511002	unrelated pool
EUR_AFR__ancestry_balanced__rep2	NA12775	ancestry_balanced	EUR_AFR	106.25441	835	23.952095808382758	66.81146107784431	unrelated pool
EUR_AFR__ancestry_balanced__rep2	NA18488	ancestry_balanced	EUR_AFR	107.44766	849	0.0	79.52157832744406	unrelated pool
EUR_AFR__ancestry_balanced__rep2	NA20757	ancestry_balanced	EUR_AFR	108.13418	839	0.0	85.35171632896305	unrelated pool
EUR_AFR__ancestry_balanced__rep2	NA20799	ancestry_balanced	EUR_AFR	106.25441	913	0.0	63.99980284775465	unrelated pool
EUR_AFR__ancestry_balanced__rep2	NA20811	ancestry_balanced	EUR_AFR	107.847115	862	0.0	64.9422041763341	unrelated pool
EUR_AFR__ancestry_balanced__rep3	HG00308	ancestry_balanced	EUR_AFR	103.62432	828	24.154589371980784	65.10260869565218	unrelated pool
EUR_AFR__ancestry_balanced__rep3	HG01790	ancestry_balanced	EUR_AFR	103.39729	890	0.0	70.36180898876405	unrelated pool
EUR_AFR__ancestry_balanced__rep3	HG01896	ancestry_balanced	EUR_AFR	107.191414	811	24.66091245376112	80.48760789149198	unrelated pool
EUR_AFR__ancestry_balanced__rep3	HG02232	ancestry_balanced	EUR_AFR	105.91034	816	24.50980392156854	69.64151960784314	unrelated pool
EUR_AFR__ancestry_balanced__rep3	HG02496	ancestry_balanced	EUR_AFR	106.498825	842	0.0	79.74969121140143	unrelated pool
EUR_AFR__ancestry_balanced__rep3	HG02722	ancestry_balanced	EUR_AFR	105.57935	873	0.0	81.80931271477662	unrelated pool
EUR_AFR__ancestry_balanced__rep3	HG03452	ancestry_balanced	EUR_AFR	105.57935	866	11.547344110854896	76.8504272517321	unrelated pool
EUR_AFR__ancestry_balanced__rep3	NA12489	ancestry_balanced	EUR_AFR	103.39729	888	33.783783783783996	67.78365990990991	unrelated pool
EUR_AFR__greedy_maxmean__rep1	HG00096	greedy_maxmean	EUR_AFR	111.754196	871	0.0	71.23873708381171	unrelated pool
EUR_AFR__greedy_maxmean__rep1	HG00117	greedy_maxmean	EUR_AFR	111.754196	820	12.195121951219523	73.30171951219512	unrelated pool
EUR_AFR__greedy_maxmean__rep1	HG00358	greedy_maxmean	EUR_AFR	117.34564	884	11.312217194570096	71.06162895927602	unrelated pool
EUR_AFR__greedy_maxmean__rep1	HG02678	greedy_maxmean	EUR_AFR	117.25613	855	0.0	83.61632748538013	unrelated pool
EUR_AFR__greedy_maxmean__rep1	HG02816	greedy_maxmean	EUR_AFR	114.153404	753	26.560424966799445	88.7809561752988	unrelated pool
EUR_AFR__greedy_maxmean__rep1	HG02952	greedy_maxmean	EUR_AFR	114.153404	867	0.0	81.28748558246828	unrelated pool
EUR_AFR__greedy_maxmean__rep1	HG02977	greedy_maxmean	EUR_AFR	116.92305	914	0.0	84.2732932166302	unrelated pool
EUR_AFR__greedy_maxmean__rep1	NA20314	greedy_maxmean	EUR_AFR	113.91663	846	0.0	82.65086288416076	unrelated pool
EUR_AFR__greedy_maxmean__rep2	HG00096	greedy_maxmean	EUR_AFR	107.470924	851	11.75088131609825	70.2909518213866	unrelated pool
EUR_AFR__greedy_maxmean__rep2	HG00117	greedy_maxmean	EUR_AFR	108.83474	872	0.0	71.60125000000001	unrelated pool
EUR_AFR__greedy_maxmean__rep2	HG00358	greedy_maxmean	EUR_AFR	111.040535	873	0.0	72.1620618556701	unrelated pool
EUR_AFR__greedy_maxmean__rep2	HG02489	greedy_maxmean	EUR_AFR	109.7406	860	23.255813953488857	86.69301162790698	unrelated pool
EUR_AFR__greedy_maxmean__rep2	HG02678	greedy_maxmean	EUR_AFR	113.35343	857	11.66861143523934	87.41191365227537	unrelated pool
EUR_AFR__greedy_maxmean__rep2	HG02977	greedy_maxmean	EUR_AFR	116.876	935	0.0	85.81251336898396	unrelated pool
EUR_AFR__greedy_maxmean__rep2	HG03246	greedy_maxmean	EUR_AFR	109.7406	819	0.0	89.48211233211234	unrelated pool
EUR_AFR__greedy_maxmean__rep2	NA20762	greedy_maxmean	EUR_AFR	107.470924	874	0.0	77.53807780320366	unrelated pool
EUR_AFR__greedy_maxmean__rep3	HG00096	greedy_maxmean	EUR_AFR	114.494545	835	0.0	70.19350898203594	unrelated pool
EUR_AFR__greedy_maxmean__rep3	HG00358	greedy_maxmean	EUR_AFR	114.16216	886	11.286681715575453	69.43345372460497	unrelated pool
EUR_AFR__greedy_maxmean__rep3	HG01885	greedy_maxmean	EUR_AFR	111.503365	832	0.0	83.84335336538462	unrelated pool
EUR_AFR__greedy_maxmean__rep3	HG02678	greedy_maxmean	EUR_AFR	115.1043	885	22.59887005649719	82.29457627118644	unrelated pool
EUR_AFR__greedy_maxmean__rep3	HG02977	greedy_maxmean	EUR_AFR	117.025635	894	11.185682326622093	90.00717002237137	unrelated pool
EUR_AFR__greedy_maxmean__rep3	HG03172	greedy_maxmean	EUR_AFR	111.503365	839	0.0	86.55314660309892	unrelated pool
EUR_AFR__greedy_maxmean__rep3	NA12282	greedy_maxmean	EUR_AFR	114.16216	890	11.235955056180247	67.99665168539326	unrelated pool
EUR_AFR__greedy_maxmean__rep3	NA20314	greedy_maxmean	EUR_AFR	115.90945	848	35.37735849056589	79.05183962264152	unrelated pool
EUR_AFR__greedy_maxmin__rep1	HG00117	greedy_maxmin	EUR_AFR	114.86949	880	11.36363636363602	73.60420454545454	unrelated pool
EUR_AFR__greedy_maxmin__rep1	HG00358	greedy_maxmin	EUR_AFR	117.74549	837	0.0	74.5342174432497	unrelated pool
EUR_AFR__greedy_maxmin__rep1	HG01628	greedy_maxmin	EUR_AFR	114.86949	856	11.68224299065379	73.03932242990655	unrelated pool
EUR_AFR__greedy_maxmin__rep1	HG02678	greedy_maxmin	EUR_AFR	115.45562	863	0.0	85.04257242178448	unrelated pool
EUR_AFR__greedy_maxmin__rep1	HG02977	greedy_maxmin	EUR_AFR	115.83609	848	0.0	85.50641509433963	unrelated pool
EUR_AFR__greedy_maxmin__rep1	NA19210	greedy_maxmin	EUR_AFR	114.82596	767	0.0	85.76953063885267	unrelated pool
EUR_AFR__greedy_maxmin__rep1	NA19707	greedy_maxmin	EUR_AFR	115.2866	861	0.0	88.76519163763066	unrelated pool
EUR_AFR__greedy_maxmin__rep1	NA19712	greedy_maxmin	EUR_AFR	114.82596	841	0.0	84.29576694411415	unrelated pool
EUR_AFR__greedy_maxmin__rep2	HG02678	greedy_maxmin	EUR_AFR	117.45212	863	0.0	84.15005793742758	unrelated pool
EUR_AFR__greedy_maxmin__rep2	HG02881	greedy_maxmin	EUR_AFR	113.17243	835	0.0	80.06720958083832	unrelated pool
EUR_AFR__greedy_maxmin__rep2	HG02977	greedy_maxmin	EUR_AFR	115.97845	882	0.0	79.46884353741497	unrelated pool
EUR_AFR__greedy_maxmin__rep2	NA19042	greedy_maxmin	EUR_AFR	113.053085	813	12.300123001229846	80.2210578105781	unrelated pool
EUR_AFR__greedy_maxmin__rep2	NA19307	greedy_maxmin	EUR_AFR	112.75638	840	0.0	79.02288095238096	unrelated pool
EUR_AFR__greedy_maxmin__rep2	NA19707	greedy_maxmin	EUR_AFR	112.6854	872	0.0	85.57848623853211	unrelated pool
EUR_AFR__greedy_maxmin__rep2	NA19922	greedy_maxmin	EUR_AFR	112.75638	805	24.8447204968949	79.97172670807453	unrelated pool
EUR_AFR__greedy_maxmin__rep2	NA20762	greedy_maxmin	EUR_AFR	112.6854	827	12.091898428052694	94.45852478839177	unrelated pool
EUR_AFR__greedy_maxmin__rep3	HG00358	greedy_maxmin	EUR_AFR	113.84639	885	0.0	68.11211299435028	unrelated pool
EUR_AFR__greedy_maxmin__rep3	HG01628	greedy_maxmin	EUR_AFR	114.8869	846	0.0	71.2588061465721	unrelated pool
EUR_AFR__greedy_maxmin__rep3	HG01885	greedy_maxmin	EUR_AFR	115.1043	816	24.50980392156854	84.64932598039216	unrelated pool
EUR_AFR__greedy_maxmin__rep3	HG02678	greedy_maxmin	EUR_AFR	115.1043	892	0.0	84.09697309417041	unrelated pool
EUR_AFR__greedy_maxmin__rep3	HG02977	greedy_maxmin	EUR_AFR	117.025635	883	0.0	90.82198187995469	unrelated pool
EUR_AFR__greedy_maxmin__rep3	NA12282	greedy_maxmin	EUR_AFR	114.16216	909	0.0	69.37594059405941	unrelated pool
EUR_AFR__greedy_maxmin__rep3	NA20314	greedy_maxmin	EUR_AFR	115.88788	848	11.79245283018826	81.4419103773585	unrelated pool
EUR_AFR__greedy_maxmin__rep3	NA20334	greedy_maxmin	EUR_AFR	113.84639	889	0.0	83.64560179977504	unrelated pool
EUR_AFR__random__rep1	HG00268	random	EUR_AFR	105.65037	873	11.45475372279492	74.94397479954182	unrelated pool
EUR_AFR__random__rep1	HG00343	random	EUR_AFR	105.65037	844	0.0	67.7730924170616	unrelated pool
EUR_AFR__random__rep1	HG02594	random	EUR_AFR	107.62899	846	0.0	76.22421985815603	unrelated pool
EUR_AFR__random__rep1	HG02979	random	EUR_AFR	104.647026	931	10.741138560687036	76.08171858216971	unrelated pool
EUR_AFR__random__rep1	HG03063	random	EUR_AFR	104.647026	877	0.0	74.46477765108324	unrelated pool
EUR_AFR__random__rep1	NA19035	random	EUR_AFR	105.52251	811	0.0	78.42589395807646	unrelated pool
EUR_AFR__random__rep1	NA19818	random	EUR_AFR	105.773346	906	0.0	83.19257174392936	unrelated pool
EUR_AFR__random__rep1	NA20532	random	EUR_AFR	105.79225	829	0.0	72.7085886610374	unrelated pool
EUR_AFR__random__rep2	HG00122	random	EUR_AFR	101.40513	915	0.0	73.40965027322405	unrelated pool
EUR_AFR__random__rep2	HG00137	random	EUR_AFR	101.88719	785	12.73885350318471	69.46630573248407	unrelated pool
EUR_AFR__random__rep2	HG02238	random	EUR_AFR	101.40513	870	11.494252873562871	67.7957816091954	unrelated pool
EUR_AFR__random__rep2	HG02943	random	EUR_AFR	106.113144	861	0.0	87.31397212543554	unrelated pool
EUR_AFR__random__rep2	NA19119	random	EUR_AFR	105.36603	823	12.150668286755595	83.20398541919806	unrelated pool
EUR_AFR__random__rep2	NA20294	random	EUR_AFR	105.36603	741	0.0	85.54955465587045	unrelated pool
EUR_AFR__random__rep2	NA20755	random	EUR_AFR	101.5874	858	23.31002331002363	72.82879953379954	unrelated pool
EUR_AFR__random__rep2	NA20790	random	EUR_AFR	102.40605	759	39.525691699604515	70.60374176548089	unrelated pool
EUR_AFR__random__rep3	HG00235	random	EUR_AFR	98.747154	894	0.0	79.57375838926174	unrelated pool
EUR_AFR__random__rep3	HG01707	random	EUR_AFR	106.37199	827	12.091898428052694	73.08059250302297	unrelated pool
EUR_AFR__random__rep3	HG01883	random	EUR_AFR	108.81177	866	0.0	82.82050808314088	unrelated pool
EUR_AFR__random__rep3	HG02236	random	EUR_AFR	98.747154	886	22.573363431150906	77.4360158013544	unrelated pool
EUR_AFR__random__rep3	HG02944	random	EUR_AFR	106.83164	860	0.0	81.63131395348839	unrelated pool
EUR_AFR__random__rep3	HG03388	random	EUR_AFR	106.83164	880	11.36363636363602	79.59722727272727	unrelated pool
EUR_AFR__random__rep3	HG03469	random	EUR_AFR	107.44301	827	12.091898428052694	76.8565054413543	unrelated pool
EUR_AFR__random__rep3	NA19023	random	EUR_AFR	107.73115	802	12.468827930174342	80.80200748129676	unrelated pool
EUR_EAS__ancestry_balanced__rep1	HG00590	ancestry_balanced	EUR_EAS	99.458534	825	24.2424242424244	68.50730909090909	unrelated pool
EUR_EAS__ancestry_balanced__rep1	HG00675	ancestry_balanced	EUR_EAS	99.0404	868	11.520737327188613	66.37958525345623	unrelated pool
EUR_EAS__ancestry_balanced__rep1	HG01697	ancestry_balanced	EUR_EAS	103.51811	814	12.285012285012664	66.4837714987715	unrelated pool
EUR_EAS__ancestry_balanced__rep1	HG01817	ancestry_balanced	EUR_EAS	101.77426	894	11.185682326622093	63.71435123042505	unrelated pool
EUR_EAS__ancestry_balanced__rep1	HG02155	ancestry_balanced	EUR_EAS	99.0404	849	0.0	72.10778563015312	unrelated pool
EUR_EAS__ancestry_balanced__rep1	NA07347	ancestry_balanced	EUR_EAS	103.51811	911	10.97694840834218	72.10647639956092	unrelated pool
EUR_EAS__ancestry_balanced__rep1	NA12749	ancestry_balanced	EUR_EAS	103.43114	868	11.520737327188613	69.82570276497695	unrelated pool
EUR_EAS__ancestry_balanced__rep1	NA12843	ancestry_balanced	EUR_EAS	103.43114	838	11.933174224343368	63.043126491646774	unrelated pool
EUR_EAS__ancestry_balanced__rep2	HG00443	ancestry_balanced	EUR_EAS	97.62684	860	0.0	64.60456976744186	unrelated pool
EUR_EAS__ancestry_balanced__rep2	HG00463	ancestry_balanced	EUR_EAS	97.62684	862	11.600928074245731	70.41564965197216	unrelated pool
EUR_EAS__ancestry_balanced__rep2	HG02373	ancestry_balanced	EUR_EAS	97.8979	832	0.0	64.26216346153846	unrelated pool
EUR_EAS__ancestry_balanced__rep2	NA12775	ancestry_balanced	EUR_EAS	106.25441	840	11.904761904761862	66.94451190476191	unrelated pool
EUR_EAS__ancestry_balanced__rep2	NA18526	ancestry_balanced	EUR_EAS	99.94999	864	11.574074074074403	63.65461805555556	unrelated pool
EUR_EAS__ancestry_balanced__rep2	NA20757	ancestry_balanced	EUR_EAS	108.13418	797	12.547051442910462	88.10803011292347	unrelated pool
EUR_EAS__ancestry_balanced__rep2	NA20799	ancestry_balanced	EUR_EAS	106.25441	922	0.0	63.83489154013016	unrelated pool
EUR_EAS__ancestry_balanced__rep2	NA20811	ancestry_balanced	EUR_EAS	107.847115	868	11.520737327188613	65.25167050691245	unrelated pool
EUR_EAS__greedy_maxmean__rep1	HG00096	greedy_maxmean	EUR_EAS	111.25197	852	11.737089201877549	68.84534037558686	unrelated pool
EUR_EAS__greedy_maxmean__rep1	HG00108	greedy_maxmean	EUR_EAS	113.19011	837	23.89486260453988	69.82537634408602	unrelated pool
EUR_EAS__greedy_maxmean__rep1	HG00256	greedy_maxmean	EUR_EAS	111.25197	813	12.300123001229846	67.76610086100861	unrelated pool
EUR_EAS__greedy_maxmean__rep1	HG00358	greedy_maxmean	EUR_EAS	111.2969	866	11.547344110854896	66.06921478060046	unrelated pool
EUR_EAS__greedy_maxmean__rep1	HG00525	greedy_maxmean	EUR_EAS	109.15585	879	0.0	67.13102389078499	unrelated pool
EUR_EAS__greedy_maxmean__rep1	HG01628	greedy_maxmean	EUR_EAS	113.52533	827	12.091898428052694	70.73735187424425	unrelated pool
EUR_EAS__greedy_maxmean__rep1	HG01841	greedy_maxmean	EUR_EAS	108.36512	848	11.79245283018826	73.19521226415094	unrelated pool
EUR_EAS__greedy_maxmean__rep1	HG02154	greedy_maxmean	EUR_EAS	108.36512	920	10.869565217391797	65.68315217391304	unrelated pool
EUR_EAS__greedy_maxmean__rep2	HG00096	greedy_maxmean	EUR_EAS	108.0833	866	0.0	68.83762124711316	unrelated pool
EUR_EAS__greedy_maxmean__rep2	HG00117	greedy_maxmean	EUR_EAS	108.503456	856	11.68224299065379	68.15505841121495	unrelated pool
EUR_EAS__greedy_maxmean__rep2	HG00358	greedy_maxmean	EUR_EAS	113.14592	874	0.0	69.22605263157895	unrelated pool
EUR_EAS__greedy_maxmean__rep2	HG00525	greedy_maxmean	EUR_EAS	109.15585	850	11.764705882353343	66.11	unrelated pool
EUR_EAS__greedy_maxmean__rep2	HG01628	greedy_maxmean	EUR_EAS	109.54451	813	0.0	75.66908979089791	unrelated pool
EUR_EAS__greedy_maxmean__rep2	HG01841	greedy_maxmean	EUR_EAS	108.36512	843	11.862396204033177	73.98646500593121	unrelated pool
EUR_EAS__greedy_maxmean__rep2	HG02154	greedy_maxmean	EUR_EAS	108.36512	921	10.857763300760048	65.19686210640607	unrelated pool
EUR_EAS__greedy_maxmean__rep2	NA20769	greedy_maxmean	EUR_EAS	108.0833	823	0.0	71.23390036452005	unrelated pool
EUR_EAS__greedy_maxmean__rep3	HG00096	greedy_maxmean	EUR_EAS	111.754196	892	11.210762331838042	68.91390134529148	unrelated pool
EUR_EAS__greedy_maxmean__rep3	HG00117	greedy_maxmean	EUR_EAS	111.754196	839	35.75685339690104	64.81640047675805	unrelated pool
EUR_EAS__greedy_maxmean__rep3	HG00358	greedy_maxmean	EUR_EAS	110.25425	876	0.0	68.74969178082192	unrelated pool
EUR_EAS__greedy_maxmean__rep3	HG00525	greedy_maxmean	EUR_EAS	103.08249	897	0.0	63.07923076923077	unrelated pool
EUR_EAS__greedy_maxmean__rep3	HG00593	greedy_maxmean	EUR_EAS	103.08249	827	12.091898428052694	63.62003627569528	unrelated pool
EUR_EAS__greedy_maxmean__rep3	HG01624	greedy_maxmean	EUR_EAS	110.25425	850	23.52941176470558	62.07715294117647	unrelated pool
EUR_EAS__greedy_maxmean__rep3	HG01628	greedy_maxmean	EUR_EAS	113.52533	866	0.0	71.95396073903002	unrelated pool
EUR_EAS__greedy_maxmean__rep3	HG02154	greedy_maxmean	EUR_EAS	105.0	841	11.890606420927874	64.13303210463734	unrelated pool
EUR_EAS__greedy_maxmin__rep1	HG00096	greedy_maxmin	EUR_EAS	111.754196	852	11.737089201877549	65.6137441314554	unrelated pool
EUR_EAS__greedy_maxmin__rep1	HG00117	greedy_maxmin	EUR_EAS	111.754196	871	0.0	65.60082663605051	unrelated pool
EUR_EAS__greedy_maxmin__rep1	HG00358	greedy_maxmin	EUR_EAS	113.74533	872	22.935779816514177	68.03422018348624	unrelated pool
EUR_EAS__greedy_maxmin__rep1	HG01628	greedy_maxmin	EUR_EAS	113.52533	880	11.36363636363602	71.84890909090909	unrelated pool
EUR_EAS__greedy_maxmin__rep1	HG01781	greedy_maxmin	EUR_EAS	111.888336	872	11.467889908256534	67.6220756880734	unrelated pool
EUR_EAS__greedy_maxmin__rep1	NA06994	greedy_maxmin	EUR_EAS	113.21219	839	47.67580452920139	72.81408820023839	unrelated pool
EUR_EAS__greedy_maxmin__rep1	NA11994	greedy_maxmin	EUR_EAS	111.888336	863	0.0	69.21253765932792	unrelated pool
EUR_EAS__greedy_maxmin__rep1	NA18642	greedy_maxmin	EUR_EAS	113.21219	823	12.150668286755595	81.41098420413124	unrelated pool
EUR_EAS__greedy_maxmin__rep2	HG00358	greedy_maxmin	EUR_EAS	110.503395	888	33.783783783783996	68.13390765765766	unrelated pool
EUR_EAS__greedy_maxmin__rep2	HG00525	greedy_maxmin	EUR_EAS	109.15585	879	22.753128555176303	63.66105802047782	unrelated pool
EUR_EAS__greedy_maxmin__rep2	HG01628	greedy_maxmin	EUR_EAS	109.54451	821	12.180267965895553	73.2715347137637	unrelated pool
EUR_EAS__greedy_maxmin__rep2	HG01781	greedy_maxmin	EUR_EAS	111.40467	873	11.45475372279492	71.01138602520047	unrelated pool
EUR_EAS__greedy_maxmin__rep2	HG02154	greedy_maxmin	EUR_EAS	109.15585	910	32.96703296703285	64.0634065934066	unrelated pool
EUR_EAS__greedy_maxmin__rep2	HG02233	greedy_maxmin	EUR_EAS	109.96818	894	11.185682326622093	66.7902125279642	unrelated pool
EUR_EAS__greedy_maxmin__rep2	NA18944	greedy_maxmin	EUR_EAS	110.227036	835	11.976047904191933	65.09643113772455	unrelated pool
EUR_EAS__greedy_maxmin__rep2	NA20769	greedy_maxmin	EUR_EAS	109.54451	827	0.0	69.99500604594921	unrelated pool
EUR_EAS__greedy_maxmin__rep3	HG00096	greedy_maxmin	EUR_EAS	111.754196	892	11.210762331838042	64.8117600896861	unrelated pool
EUR_EAS__greedy_maxmin__rep3	HG00117	greedy_maxmin	EUR_EAS	111.754196	875	0.0	64.91796571428571	unrelated pool
EUR_EAS__greedy_maxmin__rep3	HG00358	greedy_maxmin	EUR_EAS	113.74533	867	11.534025374856371	66.9380738177624	unrelated pool
EUR_EAS__greedy_maxmin__rep3	HG00593	greedy_maxmin	EUR_EAS	114.17092	793	0.0	84.1230895334174	unrelated pool
EUR_EAS__greedy_maxmin__rep3	HG01781	greedy_maxmin	EUR_EAS	111.888336	867	23.06805074971163	69.94668973471741	unrelated pool
EUR_EAS__greedy_maxmin__rep3	NA11994	greedy_maxmin	EUR_EAS	111.888336	844	0.0	67.78315165876778	unrelated pool
EUR_EAS__greedy_maxmin__rep3	NA12282	greedy_maxmin	EUR_EAS	112.05802	869	34.522439585730204	62.988365937859605	unrelated pool
EUR_EAS__greedy_maxmin__rep3	NA20527	greedy_maxmin	EUR_EAS	112.938034	849	11.778563015312216	67.16881036513546	unrelated pool
EUR_EAS__random__rep1	HG00151	random	EUR_EAS	101.8332	893	33.59462486002273	68.18096304591265	unrelated pool
EUR_EAS__random__rep1	HG00304	random	EUR_EAS	100.76209	862	11.600928074245731	73.0345011600928	unrelated pool
EUR_EAS__random__rep1	HG00332	random	EUR_EAS	100.76209	853	11.723329425556983	66.77002344665885	unrelated pool
EUR_EAS__random__rep1	HG00355	random	EUR_EAS	103.58089	893	11.198208286674616	65.92903695408734	unrelated pool
EUR_EAS__random__rep1	HG02057	random	EUR_EAS	102.625534	852	11.737089201877549	63.44593896713615	unrelated pool
EUR_EAS__random__rep1	NA07346	random	EUR_EAS	104.081696	864	0.0	68.94047453703703	unrelated pool
EUR_EAS__random__rep1	NA18582	random	EUR_EAS	100.96534	805	0.0	62.10715527950311	unrelated pool
EUR_EAS__random__rep1	NA18636	random	EUR_EAS	100.96534	900	22.222222222222364	61.07143333333333	unrelated pool
EUR_EAS__random__rep2	HG00118	random	EUR_EAS	103.08249	917	0.0	68.36932388222465	unrelated pool
EUR_EAS__random__rep2	HG00130	random	EUR_EAS	103.08249	838	0.0	70.10884248210024	unrelated pool
EUR_EAS__random__rep2	HG00689	random	EUR_EAS	101.24229	875	22.85714285714335	59.109280000000005	unrelated pool
EUR_EAS__random__rep2	HG01801	random	EUR_EAS	98.24459	850	0.0	68.30951764705883	unrelated pool
EUR_EAS__random__rep2	NA18608	random	EUR_EAS	100.409164	881	11.350737797957144	62.44906923950057	unrelated pool
EUR_EAS__random__rep2	NA19087	random	EUR_EAS	98.24459	881	0.0	56.31400681044268	unrelated pool
EUR_EAS__random__rep2	NA20762	random	EUR_EAS	103.16492	895	0.0	68.54981005586592	unrelated pool
EUR_EAS__random__rep2	NA20797	random	EUR_EAS	104.919014	826	12.10653753026647	65.32746973365617	unrelated pool
EUR_EAS__random__rep3	HG00183	random	EUR_EAS	108.29589	908	0.0	79.58827092511012	unrelated pool
EUR_EAS__random__rep3	HG00500	random	EUR_EAS	99.433395	839	11.918951132300348	56.48910607866508	unrelated pool
EUR_EAS__random__rep3	HG00590	random	EUR_EAS	97.05153	854	0.0	60.99203747072599	unrelated pool
EUR_EAS__random__rep3	HG00684	random	EUR_EAS	97.05153	894	11.185682326622093	61.22931767337808	unrelated pool
EUR_EAS__random__rep3	HG01802	random	EUR_EAS	99.433395	861	11.614401858304202	59.87278745644599	unrelated pool
EUR_EAS__random__rep3	HG02224	random	EUR_EAS	108.29589	871	0.0	80.16383467278989	unrelated pool
EUR_EAS__random__rep3	HG02380	random	EUR_EAS	99.523865	851	0.0	56.78239717978848	unrelated pool
EUR_EAS__random__rep3	NA18562	random	EUR_EAS	99.33277	800	24.999999999999467	65.9446625	unrelated pool
EUR_only__adversarial_family__rep1	HG00106	adversarial_family	EUR_only	102.13716	797	12.547051442910462	63.95276035131744	family pool
EUR_only__adversarial_family__rep1	HG00109	adversarial_family	EUR_only	104.13933	861	11.614401858304202	64.30717770034843	family pool
EUR_only__adversarial_family__rep1	NA10838	adversarial_family	EUR_only	74.20242	817	36.71970624234966	32.89211750305998	family pool
EUR_only__adversarial_family__rep1	NA10839	adversarial_family	EUR_only	76.55717	897	44.59308807134854	33.9170011148272	family pool
EUR_only__adversarial_family__rep1	NA12003	adversarial_family	EUR_only	75.21968	825	48.4848484848488	37.468812121212125	family pool
EUR_only__adversarial_family__rep1	NA12004	adversarial_family	EUR_only	74.20242	835	47.904191616766624	42.755904191616764	family pool
EUR_only__adversarial_family__rep1	NA12005	adversarial_family	EUR_only	77.38217	866	46.189376443418475	42.252424942263275	family pool
EUR_only__adversarial_family__rep1	NA12006	adversarial_family	EUR_only	76.55717	872	34.403669724770715	40.20455275229358	family pool
EUR_only__adversarial_family__rep2	HG00148	adversarial_family	EUR_only	103.918236	836	0.0	66.80338516746411	family pool
EUR_only__adversarial_family__rep2	NA12546	adversarial_family	EUR_only	104.78072	833	0.0	68.93794717887154	family pool
EUR_only__adversarial_family__rep2	NA12877	adversarial_family	EUR_only	75.94735	788	38.071065989847554	34.96328680203046	family pool
EUR_only__adversarial_family__rep2	NA12878	adversarial_family	EUR_only	75.80897	850	94.11764705882342	33.5184	family pool
EUR_only__adversarial_family__rep2	NA12889	adversarial_family	EUR_only	76.308586	814	85.99508599508643	42.22592137592138	family pool
EUR_only__adversarial_family__rep2	NA12890	adversarial_family	EUR_only	75.94735	816	24.50980392156854	43.038664215686275	family pool
EUR_only__adversarial_family__rep2	NA12891	adversarial_family	EUR_only	75.80897	863	11.587485515642815	44.37580533024334	family pool
EUR_only__adversarial_family__rep2	NA12892	adversarial_family	EUR_only	76.18399	796	0.0	38.86379396984925	family pool
EUR_only__adversarial_family__rep3	NA07346	adversarial_family	EUR_only	105.17129	867	23.06805074971163	67.27449826989618	family pool
EUR_only__adversarial_family__rep3	NA10860	adversarial_family	EUR_only	74.65253	833	84.03361344537785	35.12547418967587	family pool
EUR_only__adversarial_family__rep3	NA10861	adversarial_family	EUR_only	74.87323	888	11.261261261261701	35.36699324324324	family pool
EUR_only__adversarial_family__rep3	NA11992	adversarial_family	EUR_only	78.1409	841	47.56242568371039	39.27127229488704	family pool
EUR_only__adversarial_family__rep3	NA11993	adversarial_family	EUR_only	74.65253	805	24.8447204968949	46.56114285714286	family pool
EUR_only__adversarial_family__rep3	NA11994	adversarial_family	EUR_only	74.87323	836	23.923444976076127	39.29126794258373	family pool
EUR_only__adversarial_family__rep3	NA11995	adversarial_family	EUR_only	76.6355	861	23.228803716608404	43.18961672473868	family pool
EUR_only__adversarial_family__rep3	NA12873	adversarial_family	EUR_only	102.61579	843	11.862396204033177	65.26870699881376	family pool
EUR_only__adversarial_mindist__rep1	HG00105	adversarial_mindist	EUR_only	96.70574	898	22.271714922048602	63.79161469933185	unrelated pool
EUR_only__adversarial_mindist__rep1	HG00106	adversarial_mindist	EUR_only	96.70574	771	25.940337224383825	67.11750972762646	unrelated pool
EUR_only__adversarial_mindist__rep1	HG00357	adversarial_mindist	EUR_only	97.13393	893	22.39641657334812	66.38848824188129	unrelated pool
EUR_only__adversarial_mindist__rep1	HG00362	adversarial_mindist	EUR_only	98.2395	871	34.443168771527425	65.97244546498278	unrelated pool
EUR_only__adversarial_mindist__rep1	HG01507	adversarial_mindist	EUR_only	97.066986	826	12.10653753026647	67.27722760290557	unrelated pool
EUR_only__adversarial_mindist__rep1	NA12046	adversarial_mindist	EUR_only	99.89494	811	12.330456226880004	69.53992601726263	unrelated pool
EUR_only__adversarial_mindist__rep1	NA12761	adversarial_mindist	EUR_only	97.13393	851	0.0	58.63497062279671	unrelated pool
EUR_only__adversarial_mindist__rep1	NA20821	adversarial_mindist	EUR_only	98.478424	891	0.0	62.49644219977554	unrelated pool
EUR_only__adversarial_mindist__rep2	HG00141	adversarial_mindist	EUR_only	95.77578	679	29.45508100147265	76.54748159057438	unrelated pool
EUR_only__adversarial_mindist__rep2	HG00150	adversarial_mindist	EUR_only	97.575615	874	11.441647597254523	65.87686498855835	unrelated pool
EUR_only__adversarial_mindist__rep2	HG01507	adversarial_mindist	EUR_only	96.2185	809	24.721878862793425	65.0983065512979	unrelated pool
EUR_only__adversarial_mindist__rep2	HG01518	adversarial_mindist	EUR_only	95.77578	846	0.0	61.405248226950356	unrelated pool
EUR_only__adversarial_mindist__rep2	NA12234	adversarial_mindist	EUR_only	97.93876	826	0.0	64.78503631961259	unrelated pool
EUR_only__adversarial_mindist__rep2	NA12283	adversarial_mindist	EUR_only	97.06184	789	0.0	66.36275031685678	unrelated pool
EUR_only__adversarial_mindist__rep2	NA12718	adversarial_mindist	EUR_only	97.575615	826	24.21307506053294	64.93757869249394	unrelated pool
EUR_only__adversarial_mindist__rep2	NA20818	adversarial_mindist	EUR_only	96.2289	831	12.03369434416346	61.47256317689531	unrelated pool
EUR_only__adversarial_mindist__rep3	HG00123	adversarial_mindist	EUR_only	96.519424	884	11.312217194570096	66.13150452488688	unrelated pool
EUR_only__adversarial_mindist__rep3	HG00158	adversarial_mindist	EUR_only	97.96428	866	23.09468822170868	61.175877598152425	unrelated pool
EUR_only__adversarial_mindist__rep3	HG00311	adversarial_mindist	EUR_only	98.95959	853	23.446658851113966	67.89093786635405	unrelated pool
EUR_only__adversarial_mindist__rep3	HG00357	adversarial_mindist	EUR_only	97.96428	904	22.123893805309216	63.81504424778761	unrelated pool
EUR_only__adversarial_mindist__rep3	HG02221	adversarial_mindist	EUR_only	96.519424	870	11.494252873562871	70.80136781609195	unrelated pool
EUR_only__adversarial_mindist__rep3	NA12873	adversarial_mindist	EUR_only	99.965	838	11.933174224343368	62.623782816229124	unrelated pool
EUR_only__adversarial_mindist__rep3	NA20756	adversarial_mindist	EUR_only	98.610344	881	11.350737797957144	61.61250851305335	unrelated pool
EUR_only__adversarial_mindist__rep3	NA20821	adversarial_mindist	EUR_only	99.0101	866	0.0	59.79071593533487	unrelated pool
EUR_only__greedy_maxkl__rep1	HG00096	greedy_maxkl	EUR_only	111.04504	886	45.14672686230292	66.73934537246049	unrelated pool
EUR_only__greedy_maxkl__rep2	HG00096	greedy_maxkl	EUR_only	108.480415	887	0.0	67.3485682074408	unrelated pool
EUR_only__greedy_maxkl__rep2	HG00097	greedy_maxkl	EUR_only	103.96153	883	11.325028312570984	71.11677236693092	unrelated pool
EUR_only__greedy_maxkl__rep2	HG00099	greedy_maxkl	EUR_only	100.5286	808	12.376237623762387	67.09985148514852	unrelated pool
EUR_only__greedy_maxkl__rep2	HG00100	greedy_maxkl	EUR_only	102.088196	863	11.587485515642815	63.046454229432214	unrelated pool
EUR_only__greedy_maxkl__rep2	HG00101	greedy_maxkl	EUR_only	101.306465	843	0.0	61.452704626334516	unrelated pool
EUR_only__greedy_maxkl__rep2	HG00102	greedy_maxkl	EUR_only	100.5286	818	0.0	64.28931540342299	unrelated pool
EUR_only__greedy_maxkl__rep2	HG00103	greedy_maxkl	EUR_only	101.306465	857	11.66861143523934	68.00927654609102	unrelated pool
EUR_only__greedy_maxkl__rep2	NA20802	greedy_maxkl	EUR_only	104.89042	753	0.0	78.24856573705179	unrelated pool
EUR_only__greedy_maxkl__rep3	HG00096	greedy_maxkl	EUR_only	108.480415	890	33.70786516853963	66.92123595505618	unrelated pool
EUR_only__greedy_maxkl__rep3	HG00097	greedy_maxkl	EUR_only	103.96153	868	11.520737327188613	70.68198156682027	unrelated pool
EUR_only__greedy_maxkl__rep3	HG00099	greedy_maxkl	EUR_only	100.5286	831	12.03369434416346	65.1424548736462	unrelated pool
EUR_only__greedy_maxkl__rep3	HG00100	greedy_maxkl	EUR_only	102.088196	869	11.507479861909697	62.977813578826236	unrelated pool
EUR_only__greedy_maxkl__rep3	HG00101	greedy_maxkl	EUR_only	101.306465	852	11.737089201877549	59.72515258215962	unrelated pool
EUR_only__greedy_maxkl__rep3	HG00102	greedy_maxkl	EUR_only	100.5286	841	0.0	63.314102259215225	unrelated pool
EUR_only__greedy_maxkl__rep3	HG00103	greedy_maxkl	EUR_only	101.306465	844	0.0	69.47812796208531	unrelated pool
EUR_only__greedy_maxkl__rep3	HG00309	greedy_maxkl	EUR_only	105.6693	813	0.0	61.90980319803198	unrelated pool
EUR_only__greedy_maxmean__rep1	HG00096	greedy_maxmean	EUR_only	108.94953	836	11.961722488038617	67.26760765550239	unrelated pool
EUR_only__greedy_maxmean__rep1	HG00106	greedy_maxmean	EUR_only	108.64622	779	12.836970474967568	73.73227214377407	unrelated pool
EUR_only__greedy_maxmean__rep1	HG00108	greedy_maxmean	EUR_only	111.92855	885	22.59887005649719	65.47627118644068	unrelated pool
EUR_only__greedy_maxmean__rep1	HG00117	greedy_maxmean	EUR_only	110.85576	806	0.0	66.67251861042185	unrelated pool
EUR_only__greedy_maxmean__rep1	HG00358	greedy_maxmean	EUR_only	113.19011	915	10.928961748634114	65.95300546448088	unrelated pool
EUR_only__greedy_maxmean__rep1	HG01628	greedy_maxmean	EUR_only	113.52533	852	11.737089201877549	74.59205399061032	unrelated pool
EUR_only__greedy_maxmean__rep1	NA11994	greedy_maxmean	EUR_only	110.29053	869	23.014959723820503	67.63544303797468	unrelated pool
EUR_only__greedy_maxmean__rep1	NA20585	greedy_maxmean	EUR_only	108.64622	871	0.0	69.79695752009185	unrelated pool
EUR_only__greedy_maxmean__rep2	HG00096	greedy_maxmean	EUR_only	109.50799	874	11.441647597254523	67.89310068649885	unrelated pool
EUR_only__greedy_maxmean__rep2	HG00117	greedy_maxmean	EUR_only	108.76121	879	11.376564277588708	66.74352673492605	unrelated pool
EUR_only__greedy_maxmean__rep2	HG00358	greedy_maxmean	EUR_only	109.15127	837	11.947431302270495	67.6747311827957	unrelated pool
EUR_only__greedy_maxmean__rep2	HG01628	greedy_maxmean	EUR_only	113.52533	856	23.36448598130869	71.21844626168225	unrelated pool
EUR_only__greedy_maxmean__rep2	HG01781	greedy_maxmean	EUR_only	107.04672	835	23.952095808382758	66.55322155688623	unrelated pool
EUR_only__greedy_maxmean__rep2	NA06994	greedy_maxmean	EUR_only	109.503426	855	11.695906432748204	69.96948538011696	unrelated pool
EUR_only__greedy_maxmean__rep2	NA20529	greedy_maxmean	EUR_only	108.76121	866	11.547344110854896	68.86123556581987	unrelated pool
EUR_only__greedy_maxmean__rep2	NA20802	greedy_maxmean	EUR_only	107.04672	755	13.245033112583293	78.6944238410596	unrelated pool
EUR_only__greedy_maxmean__rep3	HG00096	greedy_maxmean	EUR_only	109.21996	842	11.87648456057011	64.11736342042755	unrelated pool
EUR_only__greedy_maxmean__rep3	HG00108	greedy_maxmean	EUR_only	109.822586	892	0.0	61.749473094170405	unrelated pool
EUR_only__greedy_maxmean__rep3	HG00309	greedy_maxmean	EUR_only	108.06942	819	12.210012210012167	68.24894993894993	unrelated pool
EUR_only__greedy_maxmean__rep3	HG00358	greedy_maxmean	EUR_only	109.32977	865	0.0	66.81728323699421	unrelated pool
EUR_only__greedy_maxmean__rep3	HG01628	greedy_maxmean	EUR_only	113.52533	899	0.0	70.46234705228031	unrelated pool
EUR_only__greedy_maxmean__rep3	HG01781	greedy_maxmean	EUR_only	109.83169	874	11.441647597254523	65.41102974828375	unrelated pool
EUR_only__greedy_maxmean__rep3	NA06994	greedy_maxmean	EUR_only	110.149895	806	12.40694789081842	70.34758064516129	unrelated pool
EUR_only__greedy_maxmean__rep3	NA20529	greedy_maxmean	EUR_only	108.06942	891	11.223344556677839	66.24425364758697	unrelated pool
EUR_only__greedy_maxmin__rep1	HG00096	greedy_maxmin	EUR_only	111.516815	886	11.286681715575453	65.88615124153499	unrelated pool
EUR_only__greedy_maxmin__rep1	HG00108	greedy_maxmin	EUR_only	110.58933	905	0.0	65.71787845303868	unrelated pool
EUR_only__greedy_maxmin__rep1	HG00117	greedy_maxmin	EUR_only	111.7184	824	24.271844660194162	65.57189320388349	unrelated pool
EUR_only__greedy_maxmin__rep1	HG00282	greedy_maxmin	EUR_only	111.314865	858	11.655011655011815	70.87020979020978	unrelated pool
EUR_only__greedy_maxmin__rep1	HG00358	greedy_maxmin	EUR_only	110.85125	873	11.45475372279492	65.23273768613974	unrelated pool
EUR_only__greedy_maxmin__rep1	HG01628	greedy_maxmin	EUR_only	110.19074	838	23.866348448687845	70.07678997613365	unrelated pool
EUR_only__greedy_maxmin__rep1	NA12873	greedy_maxmin	EUR_only	110.19074	820	0.0	69.20639024390243	unrelated pool
EUR_only__greedy_maxmin__rep1	NA20535	greedy_maxmin	EUR_only	110.58933	838	23.866348448687845	70.18255369928401	unrelated pool
EUR_only__greedy_maxmin__rep2	HG00096	greedy_maxmin	EUR_only	111.53923	905	0.0	65.03028729281769	unrelated pool
EUR_only__greedy_maxmin__rep2	HG00117	greedy_maxmin	EUR_only	109.52169	835	0.0	63.978562874251494	unrelated pool
EUR_only__greedy_maxmin__rep2	HG00138	greedy_maxmin	EUR_only	109.93635	877	22.805017103763035	62.985165336374	unrelated pool
EUR_only__greedy_maxmin__rep2	HG00313	greedy_maxmin	EUR_only	111.530266	867	0.0	63.60377162629758	unrelated pool
EUR_only__greedy_maxmin__rep2	HG00358	greedy_maxmin	EUR_only	109.15127	865	0.0	61.865294797687866	unrelated pool
EUR_only__greedy_maxmin__rep2	HG01602	greedy_maxmin	EUR_only	109.93635	810	12.345679012345512	77.77641975308642	unrelated pool
EUR_only__greedy_maxmin__rep2	HG01628	greedy_maxmin	EUR_only	111.06755	856	23.36448598130869	71.0504906542056	unrelated pool
EUR_only__greedy_maxmin__rep2	NA20802	greedy_maxmin	EUR_only	109.15127	772	25.90673575129543	81.2173445595855	unrelated pool
EUR_only__greedy_maxmin__rep3	HG00108	greedy_maxmin	EUR_only	109.822586	881	34.052213393870325	64.81242905788876	unrelated pool
EUR_only__greedy_maxmin__rep3	HG00309	greedy_maxmin	EUR_only	109.32977	827	24.183796856106497	66.41403869407497	unrelated pool
EUR_only__greedy_maxmin__rep3	HG00358	greedy_maxmin	EUR_only	109.32977	851	0.0	61.56607520564042	unrelated pool
EUR_only__greedy_maxmin__rep3	HG01628	greedy_maxmin	EUR_only	111.431595	880	0.0	70.84885227272727	unrelated pool
EUR_only__greedy_maxmin__rep3	HG01781	greedy_maxmin	EUR_only	109.83169	848	23.58490566037763	67.59573113207547	unrelated pool
EUR_only__greedy_maxmin__rep3	HG02233	greedy_maxmin	EUR_only	109.3252	871	11.481056257175437	64.15079219288175	unrelated pool
EUR_only__greedy_maxmin__rep3	NA06994	greedy_maxmin	EUR_only	109.57189	862	46.40371229698403	67.14723897911833	unrelated pool
EUR_only__greedy_maxmin__rep3	NA20792	greedy_maxmin	EUR_only	109.3252	862	0.0	60.92373549883991	unrelated pool
EUR_only__random__rep1	HG00106	random	EUR_only	103.65327	789	0.0	70.57868187579214	unrelated pool
EUR_only__random__rep1	HG00109	random	EUR_only	106.02358	889	0.0	62.64215973003374	unrelated pool
EUR_only__random__rep1	HG00174	random	EUR_only	105.28058	833	12.004801920768582	68.7426650660264	unrelated pool
EUR_only__random__rep1	HG01672	random	EUR_only	104.292854	854	0.0	65.69647540983607	unrelated pool
EUR_only__random__rep1	HG01781	random	EUR_only	105.32331	872	11.467889908256534	64.87952981651375	unrelated pool
EUR_only__random__rep1	NA11993	random	EUR_only	101.336075	821	0.0	71.44554202192448	unrelated pool
EUR_only__random__rep1	NA12004	random	EUR_only	101.336075	901	0.0	67.23175360710322	unrelated pool
EUR_only__random__rep1	NA20803	random	EUR_only	104.292854	858	11.655011655011815	68.24501165501165	unrelated pool
EUR_only__random__rep2	HG00108	random	EUR_only	103.36827	910	10.98901098901095	64.87542857142857	unrelated pool
EUR_only__random__rep2	HG00113	random	EUR_only	101.118744	839	23.837902264600697	67.31787842669846	unrelated pool
EUR_only__random__rep2	HG00332	random	EUR_only	102.78132	859	11.641443538998875	64.87174621653085	unrelated pool
EUR_only__random__rep2	HG01606	random	EUR_only	101.50862	848	23.58490566037763	61.78669811320755	unrelated pool
EUR_only__random__rep2	NA12760	random	EUR_only	102.825096	881	22.70147559591429	65.6450283768445	unrelated pool
EUR_only__random__rep2	NA20753	random	EUR_only	104.18733	834	0.0	69.83049160671463	unrelated pool
EUR_only__random__rep2	NA20795	random	EUR_only	102.28392	866	0.0	68.15534642032333	unrelated pool
EUR_only__random__rep2	NA20807	random	EUR_only	101.118744	794	0.0	68.53705289672544	unrelated pool
EUR_only__random__rep3	HG00131	random	EUR_only	100.34939	871	22.962112514350874	60.96227324913892	unrelated pool
EUR_only__random__rep3	HG00274	random	EUR_only	102.96116	864	11.574074074074403	60.99688657407407	unrelated pool
EUR_only__random__rep3	HG00306	random	EUR_only	102.0049	853	11.723329425556983	68.82686987104337	unrelated pool
EUR_only__random__rep3	HG00331	random	EUR_only	102.254585	877	11.402508551880963	66.09440136830102	unrelated pool
EUR_only__random__rep3	HG01607	random	EUR_only	102.0049	870	0.0	57.480137931034484	unrelated pool
EUR_only__random__rep3	HG01785	random	EUR_only	100.34939	898	11.135857461024301	58.02247216035635	unrelated pool
EUR_only__random__rep3	HG02224	random	EUR_only	102.063705	839	11.918951132300348	64.41910607866508	unrelated pool
EUR_only__random__rep3	NA12400	random	EUR_only	100.9901	856	11.68224299065379	64.5914836448598	unrelated pool
SAS_only__adversarial_mindist__rep1	HG02597	adversarial_mindist	SAS_only	99.09592	809	12.360939431397266	73.69123609394313	unrelated pool
SAS_only__adversarial_mindist__rep1	HG02682	adversarial_mindist	SAS_only	101.336075	844	35.545023696682556	77.60946682464454	unrelated pool
SAS_only__adversarial_mindist__rep1	HG03624	adversarial_mindist	SAS_only	99.09592	893	0.0	68.38674132138858	unrelated pool
SAS_only__adversarial_mindist__rep1	HG03796	adversarial_mindist	SAS_only	101.57263	851	11.75088131609825	66.67646298472386	unrelated pool
SAS_only__adversarial_mindist__rep1	HG03899	adversarial_mindist	SAS_only	99.90996	875	11.428571428571122	69.82881142857143	unrelated pool
SAS_only__adversarial_mindist__rep1	NA20853	adversarial_mindist	SAS_only	99.90996	828	0.0	72.63287439613526	unrelated pool
SAS_only__adversarial_mindist__rep1	NA20856	adversarial_mindist	SAS_only	102.27903	851	0.0	71.5813866039953	unrelated pool
SAS_only__adversarial_mindist__rep1	NA21127	adversarial_mindist	SAS_only	100.7075	835	0.0	66.63765269461078	unrelated pool
SAS_only__adversarial_mindist__rep2	HG02775	adversarial_mindist	SAS_only	100.41912	854	0.0	68.25502341920375	unrelated pool
SAS_only__adversarial_mindist__rep2	HG03624	adversarial_mindist	SAS_only	100.11993	871	11.481056257175437	69.58723306544202	unrelated pool
SAS_only__adversarial_mindist__rep2	HG03790	adversarial_mindist	SAS_only	100.024994	895	11.173184357542443	65.11783240223464	unrelated pool
SAS_only__adversarial_mindist__rep2	HG03796	adversarial_mindist	SAS_only	99.48869	878	11.38952164009166	65.37954441913439	unrelated pool
SAS_only__adversarial_mindist__rep2	HG03947	adversarial_mindist	SAS_only	100.11494	837	23.89486260453988	68.4426403823178	unrelated pool
SAS_only__adversarial_mindist__rep2	HG04018	adversarial_mindist	SAS_only	100.024994	866	0.0	64.39806004618937	unrelated pool
SAS_only__adversarial_mindist__rep2	HG04153	adversarial_mindist	SAS_only	99.48869	856	11.68224299065379	62.24615654205607	unrelated pool
SAS_only__adversarial_mindist__rep2	HG04173	adversarial_mindist	SAS_only	100.47885	777	12.870012870013214	77.6090990990991	unrelated pool
SAS_only__adversarial_mindist__rep3	HG03729	adversarial_mindist	SAS_only	100.55844	885	0.0	69.56314124293785	unrelated pool
SAS_only__adversarial_mindist__rep3	HG03856	adversarial_mindist	SAS_only	101.43964	859	0.0	68.8891967403958	unrelated pool
SAS_only__adversarial_mindist__rep3	HG03929	adversarial_mindist	SAS_only	100.940575	844	0.0	71.75151658767773	unrelated pool
SAS_only__adversarial_mindist__rep3	HG03950	adversarial_mindist	SAS_only	101.45442	860	0.0	66.67558139534884	unrelated pool
SAS_only__adversarial_mindist__rep3	HG03968	adversarial_mindist	SAS_only	99.7998	849	0.0	68.09491166077738	unrelated pool
SAS_only__adversarial_mindist__rep3	HG04146	adversarial_mindist	SAS_only	101.43964	865	23.121387283236984	67.949387283237	unrelated pool
SAS_only__adversarial_mindist__rep3	HG04216	adversarial_mindist	SAS_only	100.55844	758	13.192612137202797	77.87030343007916	unrelated pool
SAS_only__adversarial_mindist__rep3	HG04238	adversarial_mindist	SAS_only	99.7998	864	11.574074074074403	68.1193287037037	unrelated pool
SAS_only__greedy_maxkl__rep2	HG04017	greedy_maxkl	SAS_only	100.608154	882	22.67573696145164	70.71130385487528	unrelated pool
SAS_only__greedy_maxkl__rep2	HG04018	greedy_maxkl	SAS_only	100.608154	882	0.0	68.32919501133787	unrelated pool
SAS_only__greedy_maxkl__rep2	HG04019	greedy_maxkl	SAS_only	103.4408	820	24.390243902439046	70.00630487804878	unrelated pool
SAS_only__greedy_maxkl__rep2	HG04020	greedy_maxkl	SAS_only	104.66136	837	0.0	76.36375149342891	unrelated pool
SAS_only__greedy_maxkl__rep2	HG04022	greedy_maxkl	SAS_only	106.21205	909	0.0	66.38645764576458	unrelated pool
SAS_only__greedy_maxkl__rep2	HG04023	greedy_maxkl	SAS_only	103.91343	865	0.0	67.72045086705202	unrelated pool
SAS_only__greedy_maxkl__rep2	HG04025	greedy_maxkl	SAS_only	101.84792	860	11.627906976744429	64.74266279069768	unrelated pool
SAS_only__greedy_maxkl__rep2	NA21115	greedy_maxkl	SAS_only	104.56099	790	0.0	73.09207594936709	unrelated pool
SAS_only__greedy_maxkl__rep3	HG03684	greedy_maxkl	SAS_only	104.364746	842	11.87648456057011	66.12400237529691	unrelated pool
SAS_only__greedy_maxkl__rep3	HG04017	greedy_maxkl	SAS_only	100.608154	898	0.0	70.30750556792873	unrelated pool
SAS_only__greedy_maxkl__rep3	HG04018	greedy_maxkl	SAS_only	100.608154	891	44.893378226711356	67.02169472502806	unrelated pool
SAS_only__greedy_maxkl__rep3	HG04019	greedy_maxkl	SAS_only	103.4408	833	24.009603841537164	70.72212484993997	unrelated pool
SAS_only__greedy_maxkl__rep3	HG04020	greedy_maxkl	SAS_only	104.66136	866	23.09468822170868	76.14484988452656	unrelated pool
SAS_only__greedy_maxkl__rep3	HG04022	greedy_maxkl	SAS_only	104.69479	919	10.881392818280489	64.99418933623504	unrelated pool
SAS_only__greedy_maxkl__rep3	HG04023	greedy_maxkl	SAS_only	103.91343	868	11.520737327188613	66.91497695852534	unrelated pool
SAS_only__greedy_maxkl__rep3	HG04025	greedy_maxkl	SAS_only	101.84792	872	0.0	63.425619266055044	unrelated pool
SAS_only__greedy_maxmean__rep1	HG01589	greedy_maxmean	SAS_only	121.65525	883	22.650056625141968	73.09154020385051	unrelated pool
SAS_only__greedy_maxmean__rep1	HG02597	greedy_maxmean	SAS_only	113.26959	793	25.22068095838548	74.8218789407314	unrelated pool
SAS_only__greedy_maxmean__rep1	HG02694	greedy_maxmean	SAS_only	113.26959	859	23.28288707799775	74.7684167636787	unrelated pool
SAS_only__greedy_maxmean__rep1	HG03615	greedy_maxmean	SAS_only	115.29094	882	0.0	70.87605442176871	unrelated pool
SAS_only__greedy_maxmean__rep1	HG03738	greedy_maxmean	SAS_only	117.41806	883	11.325028312570984	70.2943261608154	unrelated pool
SAS_only__greedy_maxmean__rep1	HG03837	greedy_maxmean	SAS_only	117.47766	840	0.0	71.26838095238095	unrelated pool
SAS_only__greedy_maxmean__rep1	HG04075	greedy_maxmean	SAS_only	114.73883	858	0.0	66.7854662004662	unrelated pool
SAS_only__greedy_maxmean__rep1	HG04152	greedy_maxmean	SAS_only	120.56119	850	0.0	77.51661176470587	unrelated pool
SAS_only__greedy_maxmean__rep2	HG01589	greedy_maxmean	SAS_only	118.48628	843	0.0	80.20400948991696	unrelated pool
SAS_only__greedy_maxmean__rep2	HG02694	greedy_maxmean	SAS_only	118.13129	828	12.077294685990392	76.32289855072464	unrelated pool
SAS_only__greedy_maxmean__rep2	HG03228	greedy_maxmean	SAS_only	112.049095	832	0.0	69.92936298076924	unrelated pool
SAS_only__greedy_maxmean__rep2	HG03615	greedy_maxmean	SAS_only	114.7824	852	0.0	70.66336854460094	unrelated pool
SAS_only__greedy_maxmean__rep2	HG03738	greedy_maxmean	SAS_only	116.97863	840	11.904761904761862	71.31708333333333	unrelated pool
SAS_only__greedy_maxmean__rep2	HG03837	greedy_maxmean	SAS_only	118.22859	857	0.0	71.99022170361727	unrelated pool
SAS_only__greedy_maxmean__rep2	HG04152	greedy_maxmean	SAS_only	112.13385	886	22.573363431150906	74.21778781038375	unrelated pool
SAS_only__greedy_maxmean__rep2	NA21115	greedy_maxmean	SAS_only	112.049095	813	0.0	75.47917589175891	unrelated pool
SAS_only__greedy_maxmean__rep3	HG01589	greedy_maxmean	SAS_only	121.441345	861	0.0	80.6038443670151	unrelated pool
SAS_only__greedy_maxmean__rep3	HG02694	greedy_maxmean	SAS_only	119.104996	893	11.198208286674616	75.45135498320269	unrelated pool
SAS_only__greedy_maxmean__rep3	HG03228	greedy_maxmean	SAS_only	115.948265	839	0.0	68.22108462455304	unrelated pool
SAS_only__greedy_maxmean__rep3	HG03615	greedy_maxmean	SAS_only	112.1606	876	22.831050228310225	68.80763698630136	unrelated pool
SAS_only__greedy_maxmean__rep3	HG03684	greedy_maxmean	SAS_only	112.1606	825	24.2424242424244	69.00992727272728	unrelated pool
SAS_only__greedy_maxmean__rep3	HG03738	greedy_maxmean	SAS_only	119.478035	875	22.85714285714335	69.74570285714286	unrelated pool
SAS_only__greedy_maxmean__rep3	HG03837	greedy_maxmean	SAS_only	120.89252	836	0.0	73.68245215311005	unrelated pool
SAS_only__greedy_maxmean__rep3	HG04152	greedy_maxmean	SAS_only	117.059814	820	12.195121951219523	77.88220731707318	unrelated pool
SAS_only__greedy_maxmin__rep1	HG01589	greedy_maxmin	SAS_only	121.65525	838	23.866348448687845	75.27778042959427	unrelated pool
SAS_only__greedy_maxmin__rep1	HG02597	greedy_maxmin	SAS_only	114.44212	802	12.468827930174342	75.30334164588528	unrelated pool
SAS_only__greedy_maxmin__rep1	HG03615	greedy_maxmin	SAS_only	115.29094	846	0.0	69.62721040189126	unrelated pool
SAS_only__greedy_maxmin__rep1	HG03679	greedy_maxmin	SAS_only	114.44212	876	11.415525114155667	69.62279680365297	unrelated pool
SAS_only__greedy_maxmin__rep1	HG03738	greedy_maxmin	SAS_only	117.41806	830	12.04819277108471	70.27665060240965	unrelated pool
SAS_only__greedy_maxmin__rep1	HG03837	greedy_maxmin	SAS_only	117.47766	846	11.820330969266601	69.83874704491726	unrelated pool
SAS_only__greedy_maxmin__rep1	HG04075	greedy_maxmin	SAS_only	114.73883	823	24.30133657351119	67.38748481166465	unrelated pool
SAS_only__greedy_maxmin__rep1	HG04152	greedy_maxmin	SAS_only	120.56119	854	0.0	73.32491803278688	unrelated pool
SAS_only__greedy_maxmin__rep2	HG01589	greedy_maxmin	SAS_only	118.48628	857	11.66861143523934	79.43128354725788	unrelated pool
SAS_only__greedy_maxmin__rep2	HG02694	greedy_maxmin	SAS_only	116.33142	791	0.0	75.84690265486726	unrelated pool
SAS_only__greedy_maxmin__rep2	HG03593	greedy_maxmin	SAS_only	112.44554	858	0.0	71.38890442890443	unrelated pool
SAS_only__greedy_maxmin__rep2	HG03615	greedy_maxmin	SAS_only	114.09207	842	0.0	72.1143349168646	unrelated pool
SAS_only__greedy_maxmin__rep2	HG03679	greedy_maxmin	SAS_only	112.44554	833	0.0	71.03392557022809	unrelated pool
SAS_only__greedy_maxmin__rep2	HG03738	greedy_maxmin	SAS_only	116.97863	856	11.68224299065379	68.24589953271028	unrelated pool
SAS_only__greedy_maxmin__rep2	HG03837	greedy_maxmin	SAS_only	118.22859	867	0.0	72.41743944636679	unrelated pool
SAS_only__greedy_maxmin__rep2	NA21115	greedy_maxmin	SAS_only	112.67653	795	12.578616352201255	74.96738364779874	unrelated pool
SAS_only__greedy_maxmin__rep3	HG01589	greedy_maxmin	SAS_only	121.441345	884	22.62443438914019	74.69882352941175	unrelated pool
SAS_only__greedy_maxmin__rep3	HG02694	greedy_maxmin	SAS_only	119.104996	864	23.148148148147698	75.39447916666667	unrelated pool
SAS_only__greedy_maxmin__rep3	HG03228	greedy_maxmin	SAS_only	115.948265	849	23.55712603062443	66.37365135453474	unrelated pool
SAS_only__greedy_maxmin__rep3	HG03684	greedy_maxmin	SAS_only	114.34596	833	24.009603841537164	72.39307322929172	unrelated pool
SAS_only__greedy_maxmin__rep3	HG03738	greedy_maxmin	SAS_only	119.478035	832	12.019230769231282	73.88740384615384	unrelated pool
SAS_only__greedy_maxmin__rep3	HG03837	greedy_maxmin	SAS_only	120.89252	857	0.0	71.84903150525088	unrelated pool
SAS_only__greedy_maxmin__rep3	HG04075	greedy_maxmin	SAS_only	114.34596	857	11.66861143523934	66.87680280046675	unrelated pool
SAS_only__greedy_maxmin__rep3	HG04152	greedy_maxmin	SAS_only	117.059814	859	0.0	74.15336437718277	unrelated pool
SAS_only__random__rep1	HG02494	random	SAS_only	106.48474	827	0.0	71.10622732769045	unrelated pool
SAS_only__random__rep1	HG02603	random	SAS_only	105.86312	862	11.600928074245731	67.46439675174014	unrelated pool
SAS_only__random__rep1	HG02790	random	SAS_only	105.86312	855	11.695906432748204	71.43960233918129	unrelated pool
SAS_only__random__rep1	HG03850	random	SAS_only	104.72344	849	11.778563015312216	70.84977620730271	unrelated pool
SAS_only__random__rep1	HG03908	random	SAS_only	104.3312	857	11.66861143523934	68.08995332555425	unrelated pool
SAS_only__random__rep1	HG04035	random	SAS_only	104.93331	787	12.706480304955914	68.03848792884371	unrelated pool
SAS_only__random__rep1	HG04047	random	SAS_only	104.72344	871	0.0	74.19052812858783	unrelated pool
SAS_only__random__rep1	NA21116	random	SAS_only	104.3312	826	0.0	65.32023002421307	unrelated pool
SAS_only__random__rep2	HG02601	random	SAS_only	104.64225	915	10.928961748634114	67.3015956284153	unrelated pool
SAS_only__random__rep2	HG02651	random	SAS_only	103.80751	842	0.0	68.92365795724466	unrelated pool
SAS_only__random__rep2	HG03705	random	SAS_only	102.4207	873	34.36426116838476	61.41916380297824	unrelated pool
SAS_only__random__rep2	HG03806	random	SAS_only	102.50854	872	11.467889908256534	62.33904816513762	unrelated pool
SAS_only__random__rep2	HG04182	random	SAS_only	104.64225	840	0.0	69.79489285714286	unrelated pool
SAS_only__random__rep2	NA20901	random	SAS_only	104.70912	819	0.0	63.49064713064713	unrelated pool
SAS_only__random__rep2	NA21109	random	SAS_only	104.65658	858	11.655011655011815	62.008344988344994	unrelated pool
SAS_only__random__rep2	NA21120	random	SAS_only	102.4207	788	0.0	73.07624365482233	unrelated pool
SAS_only__random__rep3	HG02694	random	SAS_only	110.55768	901	0.0	71.89652608213098	unrelated pool
SAS_only__random__rep3	HG03649	random	SAS_only	104.47009	825	0.0	65.31752727272728	unrelated pool
SAS_only__random__rep3	HG03682	random	SAS_only	104.47009	882	0.0	73.81937641723356	unrelated pool
SAS_only__random__rep3	HG03705	random	SAS_only	103.363434	880	22.727272727273153	60.614909090909094	unrelated pool
SAS_only__random__rep3	HG03808	random	SAS_only	106.78951	878	34.168564920273866	67.32801822323462	unrelated pool
SAS_only__random__rep3	HG03914	random	SAS_only	104.15853	864	23.148148148147698	61.53893518518518	unrelated pool
SAS_only__random__rep3	HG03929	random	SAS_only	103.363434	855	0.0	68.07419883040936	unrelated pool
SAS_only__random__rep3	HG04156	random	SAS_only	104.91425	798	12.531328320801727	73.63345864661655	unrelated pool
all_3_major__ancestry_balanced__rep1	HG00149	ancestry_balanced	all_3_major	102.31325	869	11.507479861909697	67.44554660529344	unrelated pool
all_3_major__ancestry_balanced__rep1	HG03442	ancestry_balanced	all_3_major	106.915855	823	0.0	76.68922235722965	unrelated pool
all_3_major__ancestry_balanced__rep1	NA12005	ancestry_balanced	all_3_major	105.796974	902	0.0	73.04042128603105	unrelated pool
all_3_major__ancestry_balanced__rep1	NA12828	ancestry_balanced	all_3_major	102.31325	853	11.723329425556983	74.06634232121922	unrelated pool
all_3_major__ancestry_balanced__rep1	NA18602	ancestry_balanced	all_3_major	104.302444	820	24.390243902439046	74.65158536585366	unrelated pool
all_3_major__ancestry_balanced__rep1	NA18970	ancestry_balanced	all_3_major	104.302444	898	22.271714922048602	74.73375278396436	unrelated pool
all_3_major__ancestry_balanced__rep1	NA19143	ancestry_balanced	all_3_major	106.915855	876	0.0	80.72229452054795	unrelated pool
all_3_major__ancestry_balanced__rep1	NA20317	ancestry_balanced	all_3_major	108.83933	787	12.706480304955914	84.98989834815757	unrelated pool
all_3_major__ancestry_balanced__rep2	HG00427	ancestry_balanced	all_3_major	101.78409	823	0.0	76.8846780072904	unrelated pool
all_3_major__ancestry_balanced__rep2	HG00443	ancestry_balanced	all_3_major	101.78409	877	0.0	76.98155074116306	unrelated pool
all_3_major__ancestry_balanced__rep2	HG02111	ancestry_balanced	all_3_major	104.25929	869	0.0	77.09034522439585	unrelated pool
all_3_major__ancestry_balanced__rep2	NA12775	ancestry_balanced	all_3_major	103.40213	827	0.0	75.50106408706166	unrelated pool
all_3_major__ancestry_balanced__rep2	NA18881	ancestry_balanced	all_3_major	104.25929	863	23.174971031286738	79.22876013904983	unrelated pool
all_3_major__ancestry_balanced__rep2	NA19374	ancestry_balanced	all_3_major	107.87493	874	11.441647597254523	83.03128146453089	unrelated pool
all_3_major__ancestry_balanced__rep2	NA20800	ancestry_balanced	all_3_major	106.386086	909	0.0	78.22897689768976	unrelated pool
all_3_major__ancestry_balanced__rep2	NA20812	ancestry_balanced	all_3_major	103.40213	822	24.330900243308974	72.320900243309	unrelated pool
all_3_major__greedy_maxmean__rep1	HG00096	greedy_maxmean	all_3_major	112.969025	900	11.111111111110628	71.5839	unrelated pool
all_3_major__greedy_maxmean__rep1	HG00126	greedy_maxmean	all_3_major	112.00893	816	0.0	86.89780637254903	unrelated pool
all_3_major__greedy_maxmean__rep1	HG00358	greedy_maxmean	all_3_major	112.00893	865	11.560693641619046	72.84780346820808	unrelated pool
all_3_major__greedy_maxmean__rep1	HG00525	greedy_maxmean	all_3_major	109.15585	886	11.286681715575453	69.04080135440181	unrelated pool
all_3_major__greedy_maxmean__rep1	HG02154	greedy_maxmean	all_3_major	109.15585	888	0.0	65.84138513513514	unrelated pool
all_3_major__greedy_maxmean__rep1	HG02580	greedy_maxmean	all_3_major	115.52922	836	0.0	84.18831339712919	unrelated pool
all_3_major__greedy_maxmean__rep1	HG02678	greedy_maxmean	all_3_major	115.52922	852	0.0	92.84210093896714	unrelated pool
all_3_major__greedy_maxmean__rep1	HG02977	greedy_maxmean	all_3_major	120.095795	916	0.0	88.48077510917031	unrelated pool
all_3_major__greedy_maxmean__rep2	HG00096	greedy_maxmean	all_3_major	111.74525	864	0.0	68.7747337962963	unrelated pool
all_3_major__greedy_maxmean__rep2	HG00358	greedy_maxmean	all_3_major	108.779594	855	0.0	70.11433918128655	unrelated pool
all_3_major__greedy_maxmean__rep2	HG00525	greedy_maxmean	all_3_major	109.15585	901	22.19755826859071	67.43100998890122	unrelated pool
all_3_major__greedy_maxmean__rep2	HG02154	greedy_maxmean	all_3_major	109.15585	870	0.0	66.9613103448276	unrelated pool
all_3_major__greedy_maxmean__rep2	HG02580	greedy_maxmean	all_3_major	115.52922	840	0.0	86.62479761904763	unrelated pool
all_3_major__greedy_maxmean__rep2	HG02678	greedy_maxmean	all_3_major	115.52922	869	0.0	92.89659378596087	unrelated pool
all_3_major__greedy_maxmean__rep2	HG02977	greedy_maxmean	all_3_major	120.095795	923	0.0	88.19387865655472	unrelated pool
all_3_major__greedy_maxmean__rep2	NA20541	greedy_maxmean	all_3_major	108.779594	842	11.87648456057011	70.58652019002375	unrelated pool
all_3_major__greedy_maxmean__rep3	HG00096	greedy_maxmean	all_3_major	115.59412	867	0.0	74.30677047289504	unrelated pool
all_3_major__greedy_maxmean__rep3	HG00358	greedy_maxmean	all_3_major	111.54372	888	0.0	71.67817567567567	unrelated pool
all_3_major__greedy_maxmean__rep3	HG00525	greedy_maxmean	all_3_major	109.15585	894	11.185682326622093	68.60812080536913	unrelated pool
all_3_major__greedy_maxmean__rep3	HG01783	greedy_maxmean	all_3_major	111.54372	816	12.25490196078427	79.84537990196078	unrelated pool
all_3_major__greedy_maxmean__rep3	HG02154	greedy_maxmean	all_3_major	109.15585	882	0.0	67.34212018140589	unrelated pool
all_3_major__greedy_maxmean__rep3	HG02580	greedy_maxmean	all_3_major	115.52922	847	23.612750885477762	85.25249114521841	unrelated pool
all_3_major__greedy_maxmean__rep3	HG02678	greedy_maxmean	all_3_major	115.52922	846	0.0	93.54833333333333	unrelated pool
all_3_major__greedy_maxmean__rep3	HG02977	greedy_maxmean	all_3_major	120.095795	926	0.0	88.15714902807775	unrelated pool
all_3_major__greedy_maxmin__rep1	HG00096	greedy_maxmin	all_3_major	116.62761	869	0.0	72.72203682393555	unrelated pool
all_3_major__greedy_maxmin__rep1	HG00358	greedy_maxmin	all_3_major	115.715164	893	11.198208286674616	71.2946248600224	unrelated pool
all_3_major__greedy_maxmin__rep1	HG02154	greedy_maxmin	all_3_major	116.773285	919	0.0	82.65152339499456	unrelated pool
all_3_major__greedy_maxmin__rep1	HG02977	greedy_maxmin	all_3_major	119.46966	827	12.091898428052694	92.89829504232165	unrelated pool
all_3_major__greedy_maxmin__rep1	NA18879	greedy_maxmin	all_3_major	115.58114	791	0.0	89.52434892541086	unrelated pool
all_3_major__greedy_maxmin__rep1	NA19707	greedy_maxmin	all_3_major	115.58114	846	0.0	84.36664302600472	unrelated pool
all_3_major__greedy_maxmin__rep1	NA20314	greedy_maxmin	all_3_major	115.41231	864	11.574074074074403	79.37381944444444	unrelated pool
all_3_major__greedy_maxmin__rep1	NA20585	greedy_maxmin	all_3_major	115.41231	874	0.0	76.78883295194508	unrelated pool
all_3_major__greedy_maxmin__rep2	HG00525	greedy_maxmin	all_3_major	120.75181	865	0.0	92.73252023121388	unrelated pool
all_3_major__greedy_maxmin__rep2	HG02485	greedy_maxmin	all_3_major	113.238686	821	0.0	86.38118148599268	unrelated pool
all_3_major__greedy_maxmin__rep2	HG02678	greedy_maxmin	all_3_major	117.45212	842	0.0	84.27311163895487	unrelated pool
all_3_major__greedy_maxmin__rep2	HG02881	greedy_maxmin	all_3_major	113.17243	838	0.0	82.79706443914081	unrelated pool
all_3_major__greedy_maxmin__rep2	HG02977	greedy_maxmin	all_3_major	115.97845	913	0.0	81.01223439211391	unrelated pool
all_3_major__greedy_maxmin__rep2	NA19042	greedy_maxmin	all_3_major	113.468056	857	0.0	79.0632788798133	unrelated pool
all_3_major__greedy_maxmin__rep2	NA19307	greedy_maxmin	all_3_major	113.17243	837	11.947431302270495	80.39921146953405	unrelated pool
all_3_major__greedy_maxmin__rep2	NA20541	greedy_maxmin	all_3_major	113.65298	822	12.165450121655041	87.56465936739659	unrelated pool
all_3_major__greedy_maxmin__rep3	HG00096	greedy_maxmin	all_3_major	115.360306	837	11.947431302270495	78.7110991636798	unrelated pool
all_3_major__greedy_maxmin__rep3	HG01783	greedy_maxmin	all_3_major	113.48128	797	0.0	83.34632371392723	unrelated pool
all_3_major__greedy_maxmin__rep3	HG02057	greedy_maxmin	all_3_major	119.52824	887	11.273957158962622	84.65819616685458	unrelated pool
all_3_major__greedy_maxmin__rep3	HG02678	greedy_maxmin	all_3_major	117.45212	852	0.0	82.14098591549295	unrelated pool
all_3_major__greedy_maxmin__rep3	HG02881	greedy_maxmin	all_3_major	115.69356	856	0.0	83.17403037383178	unrelated pool
all_3_major__greedy_maxmin__rep3	HG02977	greedy_maxmin	all_3_major	115.97845	905	0.0	82.36169060773481	unrelated pool
all_3_major__greedy_maxmin__rep3	NA19042	greedy_maxmin	all_3_major	113.76291	841	11.890606420927874	83.62997621878715	unrelated pool
all_3_major__greedy_maxmin__rep3	NA19625	greedy_maxmin	all_3_major	113.48128	891	0.0	85.75563411896745	unrelated pool
all_3_major__random__rep1	HG00339	random	all_3_major	105.39924	841	11.890606420927874	78.2468133174792	unrelated pool
all_3_major__random__rep1	HG00479	random	all_3_major	112.694275	831	0.0	88.28448856799038	unrelated pool
all_3_major__random__rep1	HG02220	random	all_3_major	105.39924	897	0.0	83.32508361204015	unrelated pool
all_3_major__random__rep1	HG02620	random	all_3_major	104.96666	868	11.520737327188613	79.8797004608295	unrelated pool
all_3_major__random__rep1	HG02798	random	all_3_major	106.80824	694	0.0	83.27427953890489	unrelated pool
all_3_major__random__rep1	NA18873	random	all_3_major	108.508064	809	0.0	73.98669962917181	unrelated pool
all_3_major__random__rep1	NA19347	random	all_3_major	104.96666	895	0.0	79.41736312849162	unrelated pool
all_3_major__random__rep1	NA20356	random	all_3_major	107.86102	817	0.0	86.06489596083232	unrelated pool
all_3_major__random__rep2	HG00133	random	all_3_major	102.50854	904	11.061946902655162	73.23868362831858	unrelated pool
all_3_major__random__rep2	HG00158	random	all_3_major	102.50854	864	0.0	69.62121527777778	unrelated pool
all_3_major__random__rep2	HG01874	random	all_3_major	97.54486	874	22.883295194507937	73.29702517162471	unrelated pool
all_3_major__random__rep2	HG02562	random	all_3_major	107.86102	896	0.0	90.63309151785714	unrelated pool
all_3_major__random__rep2	NA18951	random	all_3_major	97.54486	824	0.0	72.54781553398058	unrelated pool
all_3_major__random__rep2	NA19452	random	all_3_major	107.86102	769	0.0	94.68721716514955	unrelated pool
all_3_major__random__rep2	NA20533	random	all_3_major	104.608795	866	23.09468822170868	70.63337182448036	unrelated pool
all_3_major__random__rep2	NA20771	random	all_3_major	103.82196	847	23.612750885477762	67.67167650531287	unrelated pool
all_3_major__random__rep3	HG00272	random	all_3_major	108.23123	910	0.0	73.68763736263736	unrelated pool
all_3_major__random__rep3	HG01630	random	all_3_major	104.96666	856	0.0	77.68257009345794	unrelated pool
all_3_major__random__rep3	HG01781	random	all_3_major	104.96666	852	0.0	75.25847417840376	unrelated pool
all_3_major__random__rep3	HG01873	random	all_3_major	113.26076	848	0.0	83.7708608490566	unrelated pool
all_3_major__random__rep3	HG02568	random	all_3_major	107.44301	784	0.0	89.34678571428572	unrelated pool
all_3_major__random__rep3	HG03291	random	all_3_major	105.707146	902	0.0	81.89896895787139	unrelated pool
all_3_major__random__rep3	HG03401	random	all_3_major	106.47535	821	0.0	85.92052375152254	unrelated pool
all_3_major__random__rep3	NA18855	random	all_3_major	105.707146	822	0.0	81.9244890510949	unrelated pool
all_5__ancestry_balanced__rep1	HG00106	ancestry_balanced	all_5	108.20813	802	0.0	74.7054114713217	unrelated pool
all_5__ancestry_balanced__rep1	HG00109	ancestry_balanced	all_5	108.20813	874	0.0	74.96525171624714	unrelated pool
all_5__ancestry_balanced__rep1	HG01951	ancestry_balanced	all_5	108.461975	824	12.135922330097637	78.66668689320389	unrelated pool
all_5__ancestry_balanced__rep1	HG02127	ancestry_balanced	all_5	109.73149	869	0.0	80.87660529344075	unrelated pool
all_5__ancestry_balanced__rep1	HG02433	ancestry_balanced	all_5	110.036354	876	0.0	93.99968036529681	unrelated pool
all_5__ancestry_balanced__rep1	HG02805	ancestry_balanced	all_5	110.036354	916	0.0	96.73711790393013	unrelated pool
all_5__ancestry_balanced__rep1	HG03846	ancestry_balanced	all_5	108.226616	803	12.453300124533051	77.08043586550437	unrelated pool
all_5__ancestry_balanced__rep1	HG04200	ancestry_balanced	all_5	108.226616	873	11.45475372279492	71.9048797250859	unrelated pool
all_5__ancestry_balanced__rep2	HG01204	ancestry_balanced	all_5	106.56454	851	0.0	79.15988249118683	unrelated pool
all_5__ancestry_balanced__rep2	HG02061	ancestry_balanced	all_5	99.131226	822	12.165450121655041	68.48441605839416	unrelated pool
all_5__ancestry_balanced__rep2	HG03916	ancestry_balanced	all_5	106.381386	874	0.0	78.07432494279178	unrelated pool
all_5__ancestry_balanced__rep2	NA18990	ancestry_balanced	all_5	99.131226	844	0.0	72.56542654028436	unrelated pool
all_5__ancestry_balanced__rep2	NA19141	ancestry_balanced	all_5	108.157295	813	0.0	92.969963099631	unrelated pool
all_5__ancestry_balanced__rep2	NA19372	ancestry_balanced	all_5	108.157295	734	0.0	93.0950544959128	unrelated pool
all_5__ancestry_balanced__rep2	NA20801	ancestry_balanced	all_5	103.841225	819	0.0	74.52948717948718	unrelated pool
all_5__ancestry_balanced__rep2	NA20813	ancestry_balanced	all_5	103.841225	857	0.0	78.91836639439907	unrelated pool
all_5__ancestry_balanced__rep3	HG00309	ancestry_balanced	all_5	103.97596	838	11.933174224343368	71.91634844868736	unrelated pool
all_5__ancestry_balanced__rep3	HG01148	ancestry_balanced	all_5	103.97596	902	11.086474501108556	74.62384700665189	unrelated pool
all_5__ancestry_balanced__rep3	HG01362	ancestry_balanced	all_5	108.11568	875	0.0	80.12091428571429	unrelated pool
all_5__ancestry_balanced__rep3	HG02233	ancestry_balanced	all_5	110.0	827	12.091898428052694	69.26555018137847	unrelated pool
all_5__ancestry_balanced__rep3	HG02373	ancestry_balanced	all_5	111.11256	880	11.36363636363602	77.71106818181819	unrelated pool
all_5__ancestry_balanced__rep3	HG02860	ancestry_balanced	all_5	109.183334	830	0.0	89.67368674698795	unrelated pool
all_5__ancestry_balanced__rep3	HG02923	ancestry_balanced	all_5	109.183334	892	0.0	87.54085201793723	unrelated pool
all_5__ancestry_balanced__rep3	HG03015	ancestry_balanced	all_5	106.841	881	11.350737797957144	82.33214528944382	unrelated pool
all_5__greedy_maxmean__rep1	HG01589	greedy_maxmean	all_5	125.67418	811	0.0	81.63387176325524	unrelated pool
all_5__greedy_maxmean__rep1	HG02678	greedy_maxmean	all_5	121.44958	866	0.0	96.67771362586605	unrelated pool
all_5__greedy_maxmean__rep1	HG02694	greedy_maxmean	all_5	125.39538	864	0.0	78.53697916666667	unrelated pool
all_5__greedy_maxmean__rep1	HG02977	greedy_maxmean	all_5	121.44958	889	11.248593925758943	97.08250843644545	unrelated pool
all_5__greedy_maxmean__rep1	HG03738	greedy_maxmean	all_5	125.56672	867	0.0	76.38179930795849	unrelated pool
all_5__greedy_maxmean__rep1	HG03837	greedy_maxmean	all_5	121.14041	847	0.0	72.05780401416764	unrelated pool
all_5__greedy_maxmean__rep1	HG04152	greedy_maxmean	all_5	119.995834	855	23.39181286549752	76.92232748538011	unrelated pool
all_5__greedy_maxmean__rep1	NA18986	greedy_maxmean	all_5	119.995834	848	0.0	81.6724174528302	unrelated pool
all_5__greedy_maxmean__rep2	HG01589	greedy_maxmean	all_5	117.19215	872	22.935779816514177	78.51294724770642	unrelated pool
all_5__greedy_maxmean__rep2	HG02003	greedy_maxmean	all_5	118.64232	828	24.154589371980784	83.84642512077295	unrelated pool
all_5__greedy_maxmean__rep2	HG02678	greedy_maxmean	all_5	121.44958	863	0.0	96.99621089223638	unrelated pool
all_5__greedy_maxmean__rep2	HG02694	greedy_maxmean	all_5	117.10679	880	0.0	75.42720454545454	unrelated pool
all_5__greedy_maxmean__rep2	HG02977	greedy_maxmean	all_5	121.44958	886	0.0	98.04635440180587	unrelated pool
all_5__greedy_maxmean__rep2	HG03837	greedy_maxmean	all_5	119.870766	811	0.0	73.13080147965475	unrelated pool
all_5__greedy_maxmean__rep2	HG04152	greedy_maxmean	all_5	123.551605	865	11.560693641619046	78.9768323699422	unrelated pool
all_5__greedy_maxmean__rep2	NA20822	greedy_maxmean	all_5	117.10679	810	0.0	78.24113580246913	unrelated pool
all_5__greedy_maxmean__rep3	HG01589	greedy_maxmean	all_5	118.94957	858	23.31002331002363	78.99131701631703	unrelated pool
all_5__greedy_maxmean__rep3	HG01775	greedy_maxmean	all_5	118.680244	821	12.180267965895553	79.3240316686967	unrelated pool
all_5__greedy_maxmean__rep3	HG02003	greedy_maxmean	all_5	121.70867	851	11.75088131609825	83.72729729729731	unrelated pool
all_5__greedy_maxmean__rep3	HG02678	greedy_maxmean	all_5	121.44958	871	0.0	97.21730195177958	unrelated pool
all_5__greedy_maxmean__rep3	HG02694	greedy_maxmean	all_5	118.680244	869	0.0	76.65399309551209	unrelated pool
all_5__greedy_maxmean__rep3	HG02977	greedy_maxmean	all_5	121.44958	899	0.0	97.89880978865406	unrelated pool
all_5__greedy_maxmean__rep3	HG03837	greedy_maxmean	all_5	120.53215	832	0.0	73.20941105769231	unrelated pool
all_5__greedy_maxmean__rep3	HG04152	greedy_maxmean	all_5	120.40764	842	0.0	79.47630641330167	unrelated pool
all_5__greedy_maxmin__rep1	HG01102	greedy_maxmin	all_5	120.84701	891	0.0	76.18509539842873	unrelated pool
all_5__greedy_maxmin__rep1	HG01589	greedy_maxmin	all_5	122.31925	864	11.574074074074403	81.55554398148149	unrelated pool
all_5__greedy_maxmin__rep1	HG02678	greedy_maxmin	all_5	120.84701	871	0.0	92.6325487944891	unrelated pool
all_5__greedy_maxmin__rep1	HG02694	greedy_maxmin	all_5	122.5969	902	0.0	75.07697339246121	unrelated pool
all_5__greedy_maxmin__rep1	HG02977	greedy_maxmin	all_5	121.44958	906	0.0	96.3542825607064	unrelated pool
all_5__greedy_maxmin__rep1	HG03738	greedy_maxmin	all_5	122.58466	832	12.019230769231282	75.61245192307692	unrelated pool
all_5__greedy_maxmin__rep1	HG03837	greedy_maxmin	all_5	121.14041	830	0.0	76.9219156626506	unrelated pool
all_5__greedy_maxmin__rep1	NA18986	greedy_maxmin	all_5	121.14041	849	0.0	79.56987043580683	unrelated pool
all_5__greedy_maxmin__rep2	HG01850	greedy_maxmin	all_5	119.88744	825	0.0	76.4518787878788	unrelated pool
all_5__greedy_maxmin__rep2	HG02262	greedy_maxmin	all_5	120.14991	797	12.547051442910462	86.95853199498117	unrelated pool
all_5__greedy_maxmin__rep2	HG02678	greedy_maxmin	all_5	121.44958	855	11.695906432748204	97.80243274853801	unrelated pool
all_5__greedy_maxmin__rep2	HG02977	greedy_maxmin	all_5	121.44958	884	0.0	97.98168552036199	unrelated pool
all_5__greedy_maxmin__rep2	HG03738	greedy_maxmin	all_5	120.77666	871	0.0	74.2552812858783	unrelated pool
all_5__greedy_maxmin__rep2	HG03837	greedy_maxmin	all_5	119.870766	865	0.0	71.07596531791907	unrelated pool
all_5__greedy_maxmin__rep2	HG04152	greedy_maxmin	all_5	121.326004	856	0.0	79.4943691588785	unrelated pool
all_5__greedy_maxmin__rep2	NA20822	greedy_maxmin	all_5	119.870766	819	0.0	78.0621855921856	unrelated pool
all_5__greedy_maxmin__rep3	HG01589	greedy_maxmin	all_5	118.94957	858	0.0	79.11452214452214	unrelated pool
all_5__greedy_maxmin__rep3	HG01775	greedy_maxmin	all_5	118.94957	810	12.345679012345512	77.62124691358025	unrelated pool
all_5__greedy_maxmin__rep3	HG02154	greedy_maxmin	all_5	119.71216	875	0.0	80.16166857142858	unrelated pool
all_5__greedy_maxmin__rep3	HG02262	greedy_maxmin	all_5	119.71216	813	0.0	78.08441574415744	unrelated pool
all_5__greedy_maxmin__rep3	HG02678	greedy_maxmin	all_5	121.44958	834	0.0	98.56196642685852	unrelated pool
all_5__greedy_maxmin__rep3	HG02977	greedy_maxmin	all_5	121.44958	904	11.061946902655162	97.79349557522124	unrelated pool
all_5__greedy_maxmin__rep3	HG03837	greedy_maxmin	all_5	120.53215	870	11.494252873562871	74.67041379310345	unrelated pool
all_5__greedy_maxmin__rep3	HG04152	greedy_maxmin	all_5	120.40764	882	0.0	78.42351473922902	unrelated pool
all_5__random__rep1	HG00531	random	all_5	101.76935	862	0.0	62.484733178654295	unrelated pool
all_5__random__rep1	HG01029	random	all_5	104.86182	844	0.0	64.45015402843602	unrelated pool
all_5__random__rep1	HG02281	random	all_5	108.397415	853	11.723329425556983	79.39279015240328	unrelated pool
all_5__random__rep1	HG02768	random	all_5	105.028564	870	0.0	86.04996551724138	unrelated pool
all_5__random__rep1	HG02895	random	all_5	104.69002	855	23.39181286549752	78.25798830409357	unrelated pool
all_5__random__rep1	NA18608	random	all_5	101.76935	847	11.806375442738881	63.22670602125147	unrelated pool
all_5__random__rep1	NA19475	random	all_5	104.69002	904	11.061946902655162	81.27865044247787	unrelated pool
all_5__random__rep1	NA20582	random	all_5	110.66617	821	0.0	91.87828258221681	unrelated pool
all_5__random__rep2	HG00158	random	all_5	104.364746	921	0.0	69.18370249728557	unrelated pool
all_5__random__rep2	HG00237	random	all_5	104.364746	829	0.0	67.35371531966224	unrelated pool
all_5__random__rep2	HG01932	random	all_5	105.853676	896	11.160714285713969	72.20121651785715	unrelated pool
all_5__random__rep2	HG02687	random	all_5	113.203354	841	11.890606420927874	80.5785255648038	unrelated pool
all_5__random__rep2	NA18757	random	all_5	109.47146	866	11.547344110854896	74.77811778290993	unrelated pool
all_5__random__rep2	NA19776	random	all_5	107.28001	845	0.0	74.02120710059171	unrelated pool
all_5__random__rep2	NA20812	random	all_5	105.50829	870	34.48275862068972	67.1650459770115	unrelated pool
all_5__random__rep2	NA20900	random	all_5	104.69479	842	23.75296912114022	68.89020190023753	unrelated pool
all_5__random__rep3	HG00357	random	all_5	100.21477	942	0.0	71.7439702760085	unrelated pool
all_5__random__rep3	HG01578	random	all_5	92.36883	832	36.05769230769273	74.77799278846155	unrelated pool
all_5__random__rep3	HG01771	random	all_5	100.21477	882	0.0	70.22416099773243	unrelated pool
all_5__random__rep3	HG01927	random	all_5	92.36883	873	0.0	70.17749140893471	unrelated pool
all_5__random__rep3	HG02688	random	all_5	107.28001	873	0.0	69.65734249713631	unrelated pool
all_5__random__rep3	HG03598	random	all_5	105.39924	867	0.0	68.11629757785467	unrelated pool
all_5__random__rep3	HG03700	random	all_5	106.95794	809	12.360939431397266	70.62840543881335	unrelated pool
all_5__random__rep3	NA18571	random	all_5	109.64488	841	11.890606420927874	67.30576694411415	unrelated pool
